{
"meta":{"test_sets":[],"test_metrics":[],"learn_metrics":[{"best_value":"Min","name":"MultiClass"}],"launch_mode":"Train","parameters":"","iteration_count":1000,"learn_sets":["learn"],"name":"experiment"},
"iterations":[
{"learn":[1.114403448],"iteration":0,"passed_time":0.006169635183,"remaining_time":6.163465548},
{"learn":[0.930893885],"iteration":1,"passed_time":0.01066470932,"remaining_time":5.321689951},
{"learn":[0.7956980207],"iteration":2,"passed_time":0.01591259472,"remaining_time":5.288285647},
{"learn":[0.6896975277],"iteration":3,"passed_time":0.02243483183,"remaining_time":5.586273127},
{"learn":[0.6052561428],"iteration":4,"passed_time":0.02710204751,"remaining_time":5.393307455},
{"learn":[0.5361837419],"iteration":5,"passed_time":0.03297907331,"remaining_time":5.463533145},
{"learn":[0.4775498243],"iteration":6,"passed_time":0.03748024429,"remaining_time":5.316840368},
{"learn":[0.4274200178],"iteration":7,"passed_time":0.04219095977,"remaining_time":5.231679012},
{"learn":[0.3844038142],"iteration":8,"passed_time":0.04689667927,"remaining_time":5.163845461},
{"learn":[0.3476002607],"iteration":9,"passed_time":0.05193409217,"remaining_time":5.141475125},
{"learn":[0.3156403581],"iteration":10,"passed_time":0.05759112901,"remaining_time":5.177966054},
{"learn":[0.2875155625],"iteration":11,"passed_time":0.06714420159,"remaining_time":5.528205931},
{"learn":[0.2633449022],"iteration":12,"passed_time":0.07652531098,"remaining_time":5.810037072},
{"learn":[0.2425660752],"iteration":13,"passed_time":0.0817609366,"remaining_time":5.758305963},
{"learn":[0.2237120355],"iteration":14,"passed_time":0.08904000924,"remaining_time":5.846960607},
{"learn":[0.2071658795],"iteration":15,"passed_time":0.0938204937,"remaining_time":5.769960363},
{"learn":[0.1924155782],"iteration":16,"passed_time":0.09970393589,"remaining_time":5.765233469},
{"learn":[0.1795537209],"iteration":17,"passed_time":0.1039921789,"remaining_time":5.673351093},
{"learn":[0.1679171811],"iteration":18,"passed_time":0.1104392275,"remaining_time":5.702151694},
{"learn":[0.1578119503],"iteration":19,"passed_time":0.1150596863,"remaining_time":5.637924628},
{"learn":[0.1486286481],"iteration":20,"passed_time":0.1214525196,"remaining_time":5.662000797},
{"learn":[0.1404790371],"iteration":21,"passed_time":0.1269729509,"remaining_time":5.644524818},
{"learn":[0.1333160062],"iteration":22,"passed_time":0.1320800887,"remaining_time":5.610532464},
{"learn":[0.1269512598],"iteration":23,"passed_time":0.1367795037,"remaining_time":5.562366486},
{"learn":[0.1211219353],"iteration":24,"passed_time":0.1414981349,"remaining_time":5.51842726},
{"learn":[0.11607777],"iteration":25,"passed_time":0.1463612947,"remaining_time":5.482919272},
{"learn":[0.1114209334],"iteration":26,"passed_time":0.1514577333,"remaining_time":5.458087944},
{"learn":[0.1073647578],"iteration":27,"passed_time":0.1565663683,"remaining_time":5.435089642},
{"learn":[0.1036760883],"iteration":28,"passed_time":0.1621268185,"remaining_time":5.428453128},
{"learn":[0.1003758284],"iteration":29,"passed_time":0.1676803402,"remaining_time":5.421664334},
{"learn":[0.09746183084],"iteration":30,"passed_time":0.1727293635,"remaining_time":5.399185588},
{"learn":[0.09480722925],"iteration":31,"passed_time":0.1778542188,"remaining_time":5.38009012},
{"learn":[0.09247535501],"iteration":32,"passed_time":0.1827759013,"remaining_time":5.355887774},
{"learn":[0.09039810257],"iteration":33,"passed_time":0.1877381574,"remaining_time":5.333972354},
{"learn":[0.08846707699],"iteration":34,"passed_time":0.1921677079,"remaining_time":5.298338232},
{"learn":[0.08669531325],"iteration":35,"passed_time":0.1967571866,"remaining_time":5.268720219},
{"learn":[0.08517486041],"iteration":36,"passed_time":0.2022632063,"remaining_time":5.264309938},
{"learn":[0.08383168453],"iteration":37,"passed_time":0.2067799438,"remaining_time":5.234797524},
{"learn":[0.08250570502],"iteration":38,"passed_time":0.2113163839,"remaining_time":5.207052433},
{"learn":[0.0813524624],"iteration":39,"passed_time":0.21584735,"remaining_time":5.1803364},
{"learn":[0.08026343136],"iteration":40,"passed_time":0.2203315689,"remaining_time":5.153609136},
{"learn":[0.07954532912],"iteration":41,"passed_time":0.2244451553,"remaining_time":5.119487115},
{"learn":[0.0787119672],"iteration":42,"passed_time":0.2295603252,"remaining_time":5.109051888},
{"learn":[0.07796494194],"iteration":43,"passed_time":0.2341726972,"remaining_time":5.087934057},
{"learn":[0.07740217264],"iteration":44,"passed_time":0.2386199759,"remaining_time":5.064046155},
{"learn":[0.07700051307],"iteration":45,"passed_time":0.2429587484,"remaining_time":5.038753173},
{"learn":[0.07662417313],"iteration":46,"passed_time":0.2471319338,"remaining_time":5.010994316},
{"learn":[0.07603637227],"iteration":47,"passed_time":0.2513266306,"remaining_time":4.98464484},
{"learn":[0.07565418671],"iteration":48,"passed_time":0.255625795,"remaining_time":4.961227163},
{"learn":[0.07538399329],"iteration":49,"passed_time":0.2597795749,"remaining_time":4.935811922},
{"learn":[0.07499948288],"iteration":50,"passed_time":0.2643006795,"remaining_time":4.918065586},
{"learn":[0.07457109588],"iteration":51,"passed_time":0.268807289,"remaining_time":4.900563653},
{"learn":[0.07427158155],"iteration":52,"passed_time":0.2734967823,"remaining_time":4.886819864},
{"learn":[0.07396346093],"iteration":53,"passed_time":0.2789305311,"remaining_time":4.886449674},
{"learn":[0.07359151425],"iteration":54,"passed_time":0.2841355809,"remaining_time":4.88196589},
{"learn":[0.07347372353],"iteration":55,"passed_time":0.2888568042,"remaining_time":4.869300413},
{"learn":[0.0730880471],"iteration":56,"passed_time":0.2938796547,"remaining_time":4.861903761},
{"learn":[0.07290562557],"iteration":57,"passed_time":0.2991228068,"remaining_time":4.858166966},
{"learn":[0.07273348809],"iteration":58,"passed_time":0.3034111184,"remaining_time":4.83915021},
{"learn":[0.07265438256],"iteration":59,"passed_time":0.3067040404,"remaining_time":4.805029967},
{"learn":[0.07238113346],"iteration":60,"passed_time":0.3119447282,"remaining_time":4.801903274},
{"learn":[0.07219743032],"iteration":61,"passed_time":0.3171605392,"remaining_time":4.798332029},
{"learn":[0.07198631906],"iteration":62,"passed_time":0.3228134357,"remaining_time":4.801209354},
{"learn":[0.07187582775],"iteration":63,"passed_time":0.3283467979,"remaining_time":4.80207192},
{"learn":[0.07166307224],"iteration":64,"passed_time":0.3337268156,"remaining_time":4.800531886},
{"learn":[0.07157496484],"iteration":65,"passed_time":0.3382596615,"remaining_time":4.786886725},
{"learn":[0.07151014584],"iteration":66,"passed_time":0.3431967754,"remaining_time":4.779143157},
{"learn":[0.07143461853],"iteration":67,"passed_time":0.3474104801,"remaining_time":4.761567168},
{"learn":[0.07138868448],"iteration":68,"passed_time":0.3506153843,"remaining_time":4.730766997},
{"learn":[0.07129601789],"iteration":69,"passed_time":0.3549842749,"remaining_time":4.716219653},
{"learn":[0.07121471724],"iteration":70,"passed_time":0.3591529306,"remaining_time":4.699339049},
{"learn":[0.07103732149],"iteration":71,"passed_time":0.363546398,"remaining_time":4.685709129},
{"learn":[0.07100406913],"iteration":72,"passed_time":0.3677043282,"remaining_time":4.669341263},
{"learn":[0.07092353727],"iteration":73,"passed_time":0.3718831772,"remaining_time":4.653565164},
{"learn":[0.07074229369],"iteration":74,"passed_time":0.376373452,"remaining_time":4.641939241},
{"learn":[0.07055446816],"iteration":75,"passed_time":0.3809230688,"remaining_time":4.631222574},
{"learn":[0.07042513672],"iteration":76,"passed_time":0.385403751,"remaining_time":4.619839769},
{"learn":[0.0703923783],"iteration":77,"passed_time":0.3901028548,"remaining_time":4.611215796},
{"learn":[0.07027973317],"iteration":78,"passed_time":0.394803017,"remaining_time":4.602703527},
{"learn":[0.07017141212],"iteration":79,"passed_time":0.3991776595,"remaining_time":4.590543084},
{"learn":[0.07012762154],"iteration":80,"passed_time":0.4033120015,"remaining_time":4.575848511},
{"learn":[0.07006497238],"iteration":81,"passed_time":0.4078341977,"remaining_time":4.56575358},
{"learn":[0.07001000679],"iteration":82,"passed_time":0.4126407062,"remaining_time":4.558934067},
{"learn":[0.06995276202],"iteration":83,"passed_time":0.4170891312,"remaining_time":4.548257669},
{"learn":[0.0698904824],"iteration":84,"passed_time":0.4213908309,"remaining_time":4.536148356},
{"learn":[0.06985507733],"iteration":85,"passed_time":0.4256157689,"remaining_time":4.523404799},
{"learn":[0.06980892584],"iteration":86,"passed_time":0.4299276396,"remaining_time":4.511769367},
{"learn":[0.06969551951],"iteration":87,"passed_time":0.4343318369,"remaining_time":4.501257219},
{"learn":[0.06967237684],"iteration":88,"passed_time":0.4379886201,"remaining_time":4.48323183},
{"learn":[0.06963827125],"iteration":89,"passed_time":0.4429092316,"remaining_time":4.478304453},
{"learn":[0.06957875175],"iteration":90,"passed_time":0.4479895125,"remaining_time":4.474972163},
{"learn":[0.06954522322],"iteration":91,"passed_time":0.4531074556,"remaining_time":4.471973583},
{"learn":[0.06949371666],"iteration":92,"passed_time":0.4582485485,"remaining_time":4.469155199},
{"learn":[0.06944069261],"iteration":93,"passed_time":0.462551815,"remaining_time":4.458212174},
{"learn":[0.0693607586],"iteration":94,"passed_time":0.4674676636,"remaining_time":4.453244585},
{"learn":[0.06933411748],"iteration":95,"passed_time":0.4720206209,"remaining_time":4.444860847},
{"learn":[0.06927710327],"iteration":96,"passed_time":0.4763496118,"remaining_time":4.434471128},
{"learn":[0.06923273318],"iteration":97,"passed_time":0.4808337625,"remaining_time":4.425633202},
{"learn":[0.06920443873],"iteration":98,"passed_time":0.485484367,"remaining_time":4.418398128},
{"learn":[0.06918175168],"iteration":99,"passed_time":0.4900419911,"remaining_time":4.41037792},
{"learn":[0.06913462829],"iteration":100,"passed_time":0.494612544,"remaining_time":4.402541357},
{"learn":[0.06910484501],"iteration":101,"passed_time":0.4978622107,"remaining_time":4.383139855},
{"learn":[0.06907598398],"iteration":102,"passed_time":0.5024100095,"remaining_time":4.375357073},
{"learn":[0.06899372462],"iteration":103,"passed_time":0.5071328498,"remaining_time":4.369144552},
{"learn":[0.0689004767],"iteration":104,"passed_time":0.5119620563,"remaining_time":4.363867051},
{"learn":[0.06888348997],"iteration":105,"passed_time":0.5164621543,"remaining_time":4.35582232},
{"learn":[0.06882146738],"iteration":106,"passed_time":0.520943208,"remaining_time":4.347684905},
{"learn":[0.06880420352],"iteration":107,"passed_time":0.5255312075,"remaining_time":4.340498492},
{"learn":[0.06878213032],"iteration":108,"passed_time":0.5299708729,"remaining_time":4.332147227},
{"learn":[0.06872957493],"iteration":109,"passed_time":0.5348046501,"remaining_time":4.327055806},
{"learn":[0.06871173247],"iteration":110,"passed_time":0.5395280655,"remaining_time":4.321085137},
{"learn":[0.06864359966],"iteration":111,"passed_time":0.544081407,"remaining_time":4.313788299},
{"learn":[0.06858630994],"iteration":112,"passed_time":0.5489487103,"remaining_time":4.309004478},
{"learn":[0.06853352622],"iteration":113,"passed_time":0.5534141201,"remaining_time":4.301095706},
{"learn":[0.06851388458],"iteration":114,"passed_time":0.5575776252,"remaining_time":4.290923463},
{"learn":[0.06848985063],"iteration":115,"passed_time":0.5620213682,"remaining_time":4.282990427},
{"learn":[0.06846638633],"iteration":116,"passed_time":0.5665807626,"remaining_time":4.275989858},
{"learn":[0.06844668661],"iteration":117,"passed_time":0.5717869053,"remaining_time":4.273864835},
{"learn":[0.06842815815],"iteration":118,"passed_time":0.5767834836,"remaining_time":4.270136546},
{"learn":[0.06837514329],"iteration":119,"passed_time":0.5824090838,"remaining_time":4.270999948},
{"learn":[0.0683196722],"iteration":120,"passed_time":0.5877755445,"remaining_time":4.269873584},
{"learn":[0.06829361923],"iteration":121,"passed_time":0.59257813,"remaining_time":4.264619657},
{"learn":[0.06826545748],"iteration":122,"passed_time":0.597432387,"remaining_time":4.259741491},
{"learn":[0.0682523231],"iteration":123,"passed_time":0.6022125853,"remaining_time":4.254340522},
{"learn":[0.06820040003],"iteration":124,"passed_time":0.6075433765,"remaining_time":4.252803636},
{"learn":[0.06818394617],"iteration":125,"passed_time":0.6127785493,"remaining_time":4.250543271},
{"learn":[0.0681361846],"iteration":126,"passed_time":0.6178228796,"remaining_time":4.246924204},
{"learn":[0.06809748516],"iteration":127,"passed_time":0.6225924723,"remaining_time":4.241411218},
{"learn":[0.0680463694],"iteration":128,"passed_time":0.6271148889,"remaining_time":4.234240839},
{"learn":[0.06801631077],"iteration":129,"passed_time":0.6321139034,"remaining_time":4.230300738},
{"learn":[0.06799959366],"iteration":130,"passed_time":0.6364873524,"remaining_time":4.222194727},
{"learn":[0.06798612758],"iteration":131,"passed_time":0.6407108196,"remaining_time":4.213159026},
{"learn":[0.06797481636],"iteration":132,"passed_time":0.6455326115,"remaining_time":4.208096047},
{"learn":[0.06795155282],"iteration":133,"passed_time":0.6507396299,"remaining_time":4.205526265},
{"learn":[0.06791969533],"iteration":134,"passed_time":0.6579526276,"remaining_time":4.21577054},
{"learn":[0.06790885462],"iteration":135,"passed_time":0.6631322113,"remaining_time":4.212839931},
{"learn":[0.06789743408],"iteration":136,"passed_time":0.6689849062,"remaining_time":4.214116599},
{"learn":[0.06787924608],"iteration":137,"passed_time":0.6742809889,"remaining_time":4.211813133},
{"learn":[0.06784377685],"iteration":138,"passed_time":0.6799110417,"remaining_time":4.211535302},
{"learn":[0.06782964404],"iteration":139,"passed_time":0.6852868568,"remaining_time":4.209619263},
{"learn":[0.06781553727],"iteration":140,"passed_time":0.6906166001,"remaining_time":4.207373472},
{"learn":[0.06778250661],"iteration":141,"passed_time":0.6959593571,"remaining_time":4.205162876},
{"learn":[0.06777551727],"iteration":142,"passed_time":0.7010758281,"remaining_time":4.201552341},
{"learn":[0.06775020327],"iteration":143,"passed_time":0.7074203678,"remaining_time":4.205221075},
{"learn":[0.06772152611],"iteration":144,"passed_time":0.7131208112,"remaining_time":4.204953749},
{"learn":[0.06771143627],"iteration":145,"passed_time":0.718396874,"remaining_time":4.20212966},
{"learn":[0.06769744783],"iteration":146,"passed_time":0.7234692427,"remaining_time":4.198090231},
{"learn":[0.06767314845],"iteration":147,"passed_time":0.7283341635,"remaining_time":4.192842617},
{"learn":[0.06766044097],"iteration":148,"passed_time":0.7328882258,"remaining_time":4.185824699},
{"learn":[0.06764190739],"iteration":149,"passed_time":0.7375716525,"remaining_time":4.179572698},
{"learn":[0.06763064396],"iteration":150,"passed_time":0.7426889548,"remaining_time":4.175780945},
{"learn":[0.06759622385],"iteration":151,"passed_time":0.7475911457,"remaining_time":4.170771655},
{"learn":[0.06758486269],"iteration":152,"passed_time":0.7531436844,"remaining_time":4.169364057},
{"learn":[0.06755334149],"iteration":153,"passed_time":0.7601527958,"remaining_time":4.17590432},
{"learn":[0.06754153185],"iteration":154,"passed_time":0.7648896926,"remaining_time":4.169882518},
{"learn":[0.06753579056],"iteration":155,"passed_time":0.7700426703,"remaining_time":4.166128293},
{"learn":[0.06751513853],"iteration":156,"passed_time":0.774781824,"remaining_time":4.160134252},
{"learn":[0.0674970312],"iteration":157,"passed_time":0.7804965501,"remaining_time":4.159355033},
{"learn":[0.06747727509],"iteration":158,"passed_time":0.7851476962,"remaining_time":4.152888129},
{"learn":[0.06746760947],"iteration":159,"passed_time":0.7893509616,"remaining_time":4.144092548},
{"learn":[0.06746036869],"iteration":160,"passed_time":0.7938123474,"remaining_time":4.136699127},
{"learn":[0.06743686537],"iteration":161,"passed_time":0.7995969062,"remaining_time":4.136186466},
{"learn":[0.06741410708],"iteration":162,"passed_time":0.8047196012,"remaining_time":4.132210467},
{"learn":[0.06740461756],"iteration":163,"passed_time":0.8092540637,"remaining_time":4.125221935},
{"learn":[0.067377497],"iteration":164,"passed_time":0.8143988376,"remaining_time":4.121351693},
{"learn":[0.06736620765],"iteration":165,"passed_time":0.8195098413,"remaining_time":4.117296432},
{"learn":[0.06734377316],"iteration":166,"passed_time":0.8247881176,"remaining_time":4.114062886},
{"learn":[0.06733303664],"iteration":167,"passed_time":0.8295666352,"remaining_time":4.108330003},
{"learn":[0.06732165401],"iteration":168,"passed_time":0.8354475148,"remaining_time":4.108028904},
{"learn":[0.06730484411],"iteration":169,"passed_time":0.8415141108,"remaining_time":4.108568894},
{"learn":[0.06729088775],"iteration":170,"passed_time":0.8465582056,"remaining_time":4.104074576},
{"learn":[0.06727044086],"iteration":171,"passed_time":0.8518737936,"remaining_time":4.10088082},
{"learn":[0.06726033323],"iteration":172,"passed_time":0.8561923014,"remaining_time":4.092896146},
{"learn":[0.06724855074],"iteration":173,"passed_time":0.860729206,"remaining_time":4.085990369},
{"learn":[0.06723766803],"iteration":174,"passed_time":0.8648372517,"remaining_time":4.077089901},
{"learn":[0.06722595481],"iteration":175,"passed_time":0.8695692104,"remaining_time":4.07116494},
{"learn":[0.06720605642],"iteration":176,"passed_time":0.8746270488,"remaining_time":4.066768707},
{"learn":[0.06719288941],"iteration":177,"passed_time":0.879108556,"remaining_time":4.059703556},
{"learn":[0.06718365652],"iteration":178,"passed_time":0.8835731387,"remaining_time":4.052589647},
{"learn":[0.06715922372],"iteration":179,"passed_time":0.8883009103,"remaining_time":4.046704147},
{"learn":[0.06715031892],"iteration":180,"passed_time":0.8932897334,"remaining_time":4.042012661},
{"learn":[0.06714049859],"iteration":181,"passed_time":0.8975049327,"remaining_time":4.033840852},
{"learn":[0.0671320816],"iteration":182,"passed_time":0.9018262246,"remaining_time":4.026185932},
{"learn":[0.06712783684],"iteration":183,"passed_time":0.9062906348,"remaining_time":4.019201945},
{"learn":[0.06711973222],"iteration":184,"passed_time":0.9113737678,"remaining_time":4.014970923},
{"learn":[0.06710760937],"iteration":185,"passed_time":0.9158556562,"remaining_time":4.008099485},
{"learn":[0.06709705881],"iteration":186,"passed_time":0.92049823,"remaining_time":4.001952198},
{"learn":[0.06708812412],"iteration":187,"passed_time":0.9250630239,"remaining_time":3.995484976},
{"learn":[0.06707983942],"iteration":188,"passed_time":0.9298441165,"remaining_time":3.989966024},
{"learn":[0.06707234158],"iteration":189,"passed_time":0.9345306939,"remaining_time":3.984051906},
{"learn":[0.06706146165],"iteration":190,"passed_time":0.9390325787,"remaining_time":3.977368357},
{"learn":[0.06703692951],"iteration":191,"passed_time":0.9436419942,"remaining_time":3.971160059},
{"learn":[0.06702683923],"iteration":192,"passed_time":0.948782176,"remaining_time":3.967187648},
{"learn":[0.06701793161],"iteration":193,"passed_time":0.953369118,"remaining_time":3.960904686},
{"learn":[0.06701028066],"iteration":194,"passed_time":0.95808908,"remaining_time":3.955188253},
{"learn":[0.06700200914],"iteration":195,"passed_time":0.962976754,"remaining_time":3.95016995},
{"learn":[0.06699650776],"iteration":196,"passed_time":0.9677439229,"remaining_time":3.944661777},
{"learn":[0.06698703911],"iteration":197,"passed_time":0.9721193153,"remaining_time":3.937574196},
{"learn":[0.06697730598],"iteration":198,"passed_time":0.976258819,"remaining_time":3.929564392},
{"learn":[0.06696766722],"iteration":199,"passed_time":0.9812210307,"remaining_time":3.924884123},
{"learn":[0.06696190465],"iteration":200,"passed_time":0.9858040451,"remaining_time":3.918693692},
{"learn":[0.06694755253],"iteration":201,"passed_time":0.9904272483,"remaining_time":3.912677941},
{"learn":[0.0669420722],"iteration":202,"passed_time":0.9946601707,"remaining_time":3.905143626},
{"learn":[0.06692633874],"iteration":203,"passed_time":0.9993596384,"remaining_time":3.899462119},
{"learn":[0.06692114318],"iteration":204,"passed_time":1.004189591,"remaining_time":3.89429622},
{"learn":[0.06691576827],"iteration":205,"passed_time":1.008733388,"remaining_time":3.888030633},
{"learn":[0.06690911266],"iteration":206,"passed_time":1.013673431,"remaining_time":3.883299665},
{"learn":[0.06690106073],"iteration":207,"passed_time":1.018923678,"remaining_time":3.879747852},
{"learn":[0.06689788748],"iteration":208,"passed_time":1.023332909,"remaining_time":3.872996799},
{"learn":[0.06689076385],"iteration":209,"passed_time":1.027831931,"remaining_time":3.866605836},
{"learn":[0.06688365559],"iteration":210,"passed_time":1.032591514,"remaining_time":3.861207129},
{"learn":[0.06687281377],"iteration":211,"passed_time":1.038198083,"remaining_time":3.858962686},
{"learn":[0.06686718874],"iteration":212,"passed_time":1.045272148,"remaining_time":3.862108828},
{"learn":[0.06686232685],"iteration":213,"passed_time":1.051919166,"remaining_time":3.863590954},
{"learn":[0.06685124865],"iteration":214,"passed_time":1.057339836,"remaining_time":3.860519865},
{"learn":[0.0668414588],"iteration":215,"passed_time":1.06479369,"remaining_time":3.864806727},
{"learn":[0.06683490277],"iteration":216,"passed_time":1.070708597,"remaining_time":3.863432402},
{"learn":[0.06683032252],"iteration":217,"passed_time":1.077286139,"remaining_time":3.864393397},
{"learn":[0.06682209043],"iteration":218,"passed_time":1.082138901,"remaining_time":3.859134619},
{"learn":[0.06681689456],"iteration":219,"passed_time":1.087188566,"remaining_time":3.854577642},
{"learn":[0.06681125138],"iteration":220,"passed_time":1.091937566,"remaining_time":3.848956397},
{"learn":[0.06680558276],"iteration":221,"passed_time":1.096748886,"remaining_time":3.843561413},
{"learn":[0.06679954235],"iteration":222,"passed_time":1.101558236,"remaining_time":3.838164794},
{"learn":[0.06679066506],"iteration":223,"passed_time":1.105722007,"remaining_time":3.830536952},
{"learn":[0.06678506865],"iteration":224,"passed_time":1.109966763,"remaining_time":3.82321885},
{"learn":[0.06677609706],"iteration":225,"passed_time":1.11458671,"remaining_time":3.81721289},
{"learn":[0.06676403978],"iteration":226,"passed_time":1.119606831,"remaining_time":3.812581853},
{"learn":[0.06675899037],"iteration":227,"passed_time":1.124566492,"remaining_time":3.807742682},
{"learn":[0.06675300298],"iteration":228,"passed_time":1.128861553,"remaining_time":3.800664879},
{"learn":[0.06674362902],"iteration":229,"passed_time":1.133549256,"remaining_time":3.794925771},
{"learn":[0.06673634457],"iteration":230,"passed_time":1.137947686,"remaining_time":3.788232773},
{"learn":[0.06672586629],"iteration":231,"passed_time":1.14248325,"remaining_time":3.782013519},
{"learn":[0.06672256314],"iteration":232,"passed_time":1.14680857,"remaining_time":3.775116624},
{"learn":[0.06670788268],"iteration":233,"passed_time":1.151213098,"remaining_time":3.768500998},
{"learn":[0.06670252433],"iteration":234,"passed_time":1.155532282,"remaining_time":3.761626363},
{"learn":[0.06669919755],"iteration":235,"passed_time":1.159582656,"remaining_time":3.753903175},
{"learn":[0.0666925919],"iteration":236,"passed_time":1.163992139,"remaining_time":3.747367097},
{"learn":[0.06668971426],"iteration":237,"passed_time":1.168809465,"remaining_time":3.742154672},
{"learn":[0.06668555832],"iteration":238,"passed_time":1.174337254,"remaining_time":3.739207742},
{"learn":[0.06668295649],"iteration":239,"passed_time":1.179291758,"remaining_time":3.734423899},
{"learn":[0.06667709764],"iteration":240,"passed_time":1.184386316,"remaining_time":3.730079727},
{"learn":[0.06667262866],"iteration":241,"passed_time":1.189272611,"remaining_time":3.725077022},
{"learn":[0.06666859204],"iteration":242,"passed_time":1.194328264,"remaining_time":3.720602864},
{"learn":[0.06666008968],"iteration":243,"passed_time":1.199766399,"remaining_time":3.717309008},
{"learn":[0.06665667444],"iteration":244,"passed_time":1.205102864,"remaining_time":3.713684335},
{"learn":[0.06665141782],"iteration":245,"passed_time":1.209285302,"remaining_time":3.706508609},
{"learn":[0.0666456504],"iteration":246,"passed_time":1.213563604,"remaining_time":3.699649369},
{"learn":[0.06664193206],"iteration":247,"passed_time":1.217991832,"remaining_time":3.693265555},
{"learn":[0.06663911996],"iteration":248,"passed_time":1.222138519,"remaining_time":3.686048303},
{"learn":[0.06663681778],"iteration":249,"passed_time":1.226479335,"remaining_time":3.679438006},
{"learn":[0.06662557736],"iteration":250,"passed_time":1.230934333,"remaining_time":3.673186515},
{"learn":[0.0666182445],"iteration":251,"passed_time":1.235357963,"remaining_time":3.666856175},
{"learn":[0.06661447056],"iteration":252,"passed_time":1.239775749,"remaining_time":3.660523655},
{"learn":[0.06660672618],"iteration":253,"passed_time":1.244523736,"remaining_time":3.655176013},
{"learn":[0.06660173041],"iteration":254,"passed_time":1.248991953,"remaining_time":3.649015705},
{"learn":[0.06659879719],"iteration":255,"passed_time":1.253495861,"remaining_time":3.642972345},
{"learn":[0.06659562696],"iteration":256,"passed_time":1.258520775,"remaining_time":3.63844722},
{"learn":[0.06659188204],"iteration":257,"passed_time":1.264032965,"remaining_time":3.635319612},
{"learn":[0.0665892215],"iteration":258,"passed_time":1.26980562,"remaining_time":3.632918781},
{"learn":[0.06657670132],"iteration":259,"passed_time":1.275169597,"remaining_time":3.629328852},
{"learn":[0.06657262618],"iteration":260,"passed_time":1.280585739,"remaining_time":3.625873031},
{"learn":[0.066569613],"iteration":261,"passed_time":1.286354523,"remaining_time":3.623395566},
{"learn":[0.06656668076],"iteration":262,"passed_time":1.291622065,"remaining_time":3.619488448},
{"learn":[0.06655503022],"iteration":263,"passed_time":1.297450781,"remaining_time":3.617135511},
{"learn":[0.06655134364],"iteration":264,"passed_time":1.303130527,"remaining_time":3.614343161},
{"learn":[0.06654486228],"iteration":265,"passed_time":1.308534262,"remaining_time":3.610767476},
{"learn":[0.06654204193],"iteration":266,"passed_time":1.313737074,"remaining_time":3.606626499},
{"learn":[0.06653898347],"iteration":267,"passed_time":1.319752327,"remaining_time":3.604696654},
{"learn":[0.06653641064],"iteration":268,"passed_time":1.325645153,"remaining_time":3.602403744},
{"learn":[0.06653323758],"iteration":269,"passed_time":1.331561637,"remaining_time":3.60014813},
{"learn":[0.0665311796],"iteration":270,"passed_time":1.336770805,"remaining_time":3.595962792},
{"learn":[0.06652877649],"iteration":271,"passed_time":1.342134193,"remaining_time":3.592182694},
{"learn":[0.06652666373],"iteration":272,"passed_time":1.347368151,"remaining_time":3.588046322},
{"learn":[0.06652474133],"iteration":273,"passed_time":1.352477495,"remaining_time":3.583571758},
{"learn":[0.06652026262],"iteration":274,"passed_time":1.357721053,"remaining_time":3.579446413},
{"learn":[0.06651849374],"iteration":275,"passed_time":1.362915355,"remaining_time":3.575183757},
{"learn":[0.06651374904],"iteration":276,"passed_time":1.367913194,"remaining_time":3.570401585},
{"learn":[0.06651218157],"iteration":277,"passed_time":1.373749344,"remaining_time":3.56779506},
{"learn":[0.0665040678],"iteration":278,"passed_time":1.37980173,"remaining_time":3.565724183},
{"learn":[0.06650151411],"iteration":279,"passed_time":1.385047993,"remaining_time":3.561551982},
{"learn":[0.06649948184],"iteration":280,"passed_time":1.389773324,"remaining_time":3.556039218},
{"learn":[0.0664934558],"iteration":281,"passed_time":1.394593795,"remaining_time":3.550774272},
{"learn":[0.06648501826],"iteration":282,"passed_time":1.399654106,"remaining_time":3.54612012},
{"learn":[0.06648169428],"iteration":283,"passed_time":1.404525265,"remaining_time":3.540986231},
{"learn":[0.06647808414],"iteration":284,"passed_time":1.409728854,"remaining_time":3.536688176},
{"learn":[0.06647552937],"iteration":285,"passed_time":1.41545078,"remaining_time":3.533677821},
{"learn":[0.06647202069],"iteration":286,"passed_time":1.421432403,"remaining_time":3.53129374},
{"learn":[0.06646498703],"iteration":287,"passed_time":1.426476681,"remaining_time":3.526567351},
{"learn":[0.06646253169],"iteration":288,"passed_time":1.431886498,"remaining_time":3.522738063},
{"learn":[0.06646028346],"iteration":289,"passed_time":1.436718879,"remaining_time":3.517484153},
{"learn":[0.06645880248],"iteration":290,"passed_time":1.441797588,"remaining_time":3.5128333},
{"learn":[0.06645273737],"iteration":291,"passed_time":1.446394663,"remaining_time":3.507011716},
{"learn":[0.06645069637],"iteration":292,"passed_time":1.452062962,"remaining_time":3.503783324},
{"learn":[0.06644839914],"iteration":293,"passed_time":1.457344498,"remaining_time":3.499609578},
{"learn":[0.06644668336],"iteration":294,"passed_time":1.462138595,"remaining_time":3.494263423},
{"learn":[0.06644303376],"iteration":295,"passed_time":1.466836279,"remaining_time":3.48869169},
{"learn":[0.06644061379],"iteration":296,"passed_time":1.472434891,"remaining_time":3.485258345},
{"learn":[0.06643299027],"iteration":297,"passed_time":1.477531351,"remaining_time":3.480627545},
{"learn":[0.06643091915],"iteration":298,"passed_time":1.482524123,"remaining_time":3.475750535},
{"learn":[0.06642670807],"iteration":299,"passed_time":1.487395617,"remaining_time":3.470589772},
{"learn":[0.06642383495],"iteration":300,"passed_time":1.493522013,"remaining_time":3.468345139},
{"learn":[0.06642192475],"iteration":301,"passed_time":1.498137841,"remaining_time":3.462583487},
{"learn":[0.06642041486],"iteration":302,"passed_time":1.503257297,"remaining_time":3.457987909},
{"learn":[0.06641836271],"iteration":303,"passed_time":1.508832162,"remaining_time":3.454431528},
{"learn":[0.06641540638],"iteration":304,"passed_time":1.513576766,"remaining_time":3.448970007},
{"learn":[0.06641069497],"iteration":305,"passed_time":1.518045197,"remaining_time":3.44288682},
{"learn":[0.06640346459],"iteration":306,"passed_time":1.523107652,"remaining_time":3.438155057},
{"learn":[0.06640008704],"iteration":307,"passed_time":1.528376845,"remaining_time":3.433885639},
{"learn":[0.06639669139],"iteration":308,"passed_time":1.533192395,"remaining_time":3.428595292},
{"learn":[0.06639505144],"iteration":309,"passed_time":1.538043274,"remaining_time":3.423386643},
{"learn":[0.0663908029],"iteration":310,"passed_time":1.543299694,"remaining_time":3.419078742},
{"learn":[0.06638519972],"iteration":311,"passed_time":1.548548209,"remaining_time":3.414747332},
{"learn":[0.06638368927],"iteration":312,"passed_time":1.554292914,"remaining_time":3.411499143},
{"learn":[0.06638058514],"iteration":313,"passed_time":1.56021265,"remaining_time":3.408617446},
{"learn":[0.06637911373],"iteration":314,"passed_time":1.566642381,"remaining_time":3.406825496},
{"learn":[0.06637780288],"iteration":315,"passed_time":1.571506362,"remaining_time":3.401615037},
{"learn":[0.06637010814],"iteration":316,"passed_time":1.576282439,"remaining_time":3.396217368},
{"learn":[0.06636899218],"iteration":317,"passed_time":1.580805851,"remaining_time":3.390281731},
{"learn":[0.06636286882],"iteration":318,"passed_time":1.585168587,"remaining_time":3.384011936},
{"learn":[0.06636128429],"iteration":319,"passed_time":1.59030584,"remaining_time":3.379399911},
{"learn":[0.06635992563],"iteration":320,"passed_time":1.595867602,"remaining_time":3.37568256},
{"learn":[0.06635639745],"iteration":321,"passed_time":1.600530452,"remaining_time":3.370061015},
{"learn":[0.06635510984],"iteration":322,"passed_time":1.605347273,"remaining_time":3.364768123},
{"learn":[0.06634583551],"iteration":323,"passed_time":1.610058437,"remaining_time":3.359257727},
{"learn":[0.06634419482],"iteration":324,"passed_time":1.616669896,"remaining_time":3.357699015},
{"learn":[0.06634194321],"iteration":325,"passed_time":1.622251213,"remaining_time":3.353979502},
{"learn":[0.0663406634],"iteration":326,"passed_time":1.627605943,"remaining_time":3.349782261},
{"learn":[0.06633650279],"iteration":327,"passed_time":1.633375933,"remaining_time":3.34642874},
{"learn":[0.06632806105],"iteration":328,"passed_time":1.639173016,"remaining_time":3.343115787},
{"learn":[0.06632675928],"iteration":329,"passed_time":1.645194173,"remaining_time":3.340242715},
{"learn":[0.06632320468],"iteration":330,"passed_time":1.650135157,"remaining_time":3.335167431},
{"learn":[0.0663144732],"iteration":331,"passed_time":1.655551403,"remaining_time":3.331049208},
{"learn":[0.06631308832],"iteration":332,"passed_time":1.660616826,"remaining_time":3.326220489},
{"learn":[0.0663092916],"iteration":333,"passed_time":1.665820681,"remaining_time":3.321666388},
{"learn":[0.06630640391],"iteration":334,"passed_time":1.670448879,"remaining_time":3.315965686},
{"learn":[0.06630030688],"iteration":335,"passed_time":1.675270735,"remaining_time":3.310654072},
{"learn":[0.0662989829],"iteration":336,"passed_time":1.680235652,"remaining_time":3.305626816},
{"learn":[0.0662977849],"iteration":337,"passed_time":1.685281904,"remaining_time":3.300759232},
{"learn":[0.06629323915],"iteration":338,"passed_time":1.690461102,"remaining_time":3.296149819},
{"learn":[0.06629087076],"iteration":339,"passed_time":1.695269845,"remaining_time":3.290817935},
{"learn":[0.06628585297],"iteration":340,"passed_time":1.700231412,"remaining_time":3.285784459},
{"learn":[0.06627920817],"iteration":341,"passed_time":1.705035754,"remaining_time":3.280448908},
{"learn":[0.06627729939],"iteration":342,"passed_time":1.710425874,"remaining_time":3.276238481},
{"learn":[0.06627398208],"iteration":343,"passed_time":1.715103283,"remaining_time":3.270662075},
{"learn":[0.06627272002],"iteration":344,"passed_time":1.72044807,"remaining_time":3.266357931},
{"learn":[0.06627162655],"iteration":345,"passed_time":1.725284993,"remaining_time":3.26108782},
{"learn":[0.06626899376],"iteration":346,"passed_time":1.730439967,"remaining_time":3.256418728},
{"learn":[0.06626783406],"iteration":347,"passed_time":1.735561624,"remaining_time":3.251684421},
{"learn":[0.06626107409],"iteration":348,"passed_time":1.741217981,"remaining_time":3.247945288},
{"learn":[0.06625792675],"iteration":349,"passed_time":1.747119431,"remaining_time":3.244650372},
{"learn":[0.06625634311],"iteration":350,"passed_time":1.752818229,"remaining_time":3.2409659},
{"learn":[0.06624947766],"iteration":351,"passed_time":1.758494422,"remaining_time":3.237228368},
{"learn":[0.06624751349],"iteration":352,"passed_time":1.764317046,"remaining_time":3.23374824},
{"learn":[0.0662464417],"iteration":353,"passed_time":1.76989225,"remaining_time":3.229803372},
{"learn":[0.06623912226],"iteration":354,"passed_time":1.775149319,"remaining_time":3.225271298},
{"learn":[0.06623324455],"iteration":355,"passed_time":1.781128033,"remaining_time":3.222040599},
{"learn":[0.06623048757],"iteration":356,"passed_time":1.786191067,"remaining_time":3.217145256},
{"learn":[0.06622724292],"iteration":357,"passed_time":1.791790364,"remaining_time":3.213210652},
{"learn":[0.06622651057],"iteration":358,"passed_time":1.797536929,"remaining_time":3.209529725},
{"learn":[0.06622215665],"iteration":359,"passed_time":1.803112413,"remaining_time":3.205533179},
{"learn":[0.06621811312],"iteration":360,"passed_time":1.808310554,"remaining_time":3.200859955},
{"learn":[0.06621724512],"iteration":361,"passed_time":1.813742266,"remaining_time":3.196595486},
{"learn":[0.06621584504],"iteration":362,"passed_time":1.819014798,"remaining_time":3.192045251},
{"learn":[0.06621390601],"iteration":363,"passed_time":1.824250752,"remaining_time":3.187427138},
{"learn":[0.06620844097],"iteration":364,"passed_time":1.829275706,"remaining_time":3.182438557},
{"learn":[0.06620620061],"iteration":365,"passed_time":1.834179609,"remaining_time":3.177240088},
{"learn":[0.06620360312],"iteration":366,"passed_time":1.838930562,"remaining_time":3.171779417},
{"learn":[0.06620014983],"iteration":367,"passed_time":1.843842239,"remaining_time":3.166598628},
{"learn":[0.06619717019],"iteration":368,"passed_time":1.849716477,"remaining_time":3.163065303},
{"learn":[0.06619648603],"iteration":369,"passed_time":1.855723514,"remaining_time":3.159745443},
{"learn":[0.06619561642],"iteration":370,"passed_time":1.861066203,"remaining_time":3.155284748},
{"learn":[0.06619378628],"iteration":371,"passed_time":1.866891269,"remaining_time":3.151633648},
{"learn":[0.06619305726],"iteration":372,"passed_time":1.871982117,"remaining_time":3.146736696},
{"learn":[0.0661914146],"iteration":373,"passed_time":1.876916037,"remaining_time":3.14157604},
{"learn":[0.06618612559],"iteration":374,"passed_time":1.882053063,"remaining_time":3.136755105},
{"learn":[0.06618485843],"iteration":375,"passed_time":1.886996512,"remaining_time":3.131611233},
{"learn":[0.06618360894],"iteration":376,"passed_time":1.891629682,"remaining_time":3.125955681},
{"learn":[0.06618299906],"iteration":377,"passed_time":1.896261615,"remaining_time":3.120303504},
{"learn":[0.06618199836],"iteration":378,"passed_time":1.900645735,"remaining_time":3.114250663},
{"learn":[0.06617902035],"iteration":379,"passed_time":1.904893264,"remaining_time":3.107983746},
{"learn":[0.06617821313],"iteration":380,"passed_time":1.909497878,"remaining_time":3.102307576},
{"learn":[0.06617684621],"iteration":381,"passed_time":1.914167689,"remaining_time":3.096742491},
{"learn":[0.06617199528],"iteration":382,"passed_time":1.919115088,"remaining_time":3.091629267},
{"learn":[0.06617027813],"iteration":383,"passed_time":1.923494289,"remaining_time":3.085605421},
{"learn":[0.06616856642],"iteration":384,"passed_time":1.928390163,"remaining_time":3.080415454},
{"learn":[0.0661678373],"iteration":385,"passed_time":1.932961121,"remaining_time":3.074710178},
{"learn":[0.06616352783],"iteration":386,"passed_time":1.937661842,"remaining_time":3.069216302},
{"learn":[0.06616072512],"iteration":387,"passed_time":1.941760259,"remaining_time":3.062776491},
{"learn":[0.06615979711],"iteration":388,"passed_time":1.946390401,"remaining_time":3.057183894},
{"learn":[0.06615919855],"iteration":389,"passed_time":1.950910413,"remaining_time":3.05142398},
{"learn":[0.06615875581],"iteration":390,"passed_time":1.955660015,"remaining_time":3.046028002},
{"learn":[0.06615689988],"iteration":391,"passed_time":1.960047713,"remaining_time":3.040074003},
{"learn":[0.06615130969],"iteration":392,"passed_time":1.964543976,"remaining_time":3.034295658},
{"learn":[0.06614978442],"iteration":393,"passed_time":1.969039737,"remaining_time":3.028523047},
{"learn":[0.06614581216],"iteration":394,"passed_time":1.973508018,"remaining_time":3.022714812},
{"learn":[0.06614489785],"iteration":395,"passed_time":1.978476571,"remaining_time":3.017676387},
{"learn":[0.06614320677],"iteration":396,"passed_time":1.983525143,"remaining_time":3.012759852},
{"learn":[0.06613662447],"iteration":397,"passed_time":1.988274479,"remaining_time":3.007390041},
{"learn":[0.06613423363],"iteration":398,"passed_time":1.992933385,"remaining_time":3.001887128},
{"learn":[0.06613273131],"iteration":399,"passed_time":1.997215071,"remaining_time":2.995822606},
{"learn":[0.06613189677],"iteration":400,"passed_time":2.001742546,"remaining_time":2.990134127},
{"learn":[0.06613096874],"iteration":401,"passed_time":2.006366581,"remaining_time":2.984595064},
{"learn":[0.0661301681],"iteration":402,"passed_time":2.011063444,"remaining_time":2.979168428},
{"learn":[0.06612756323],"iteration":403,"passed_time":2.015705159,"remaining_time":2.973664047},
{"learn":[0.06612602083],"iteration":404,"passed_time":2.020274076,"remaining_time":2.968056976},
{"learn":[0.06612451323],"iteration":405,"passed_time":2.024963685,"remaining_time":2.962631598},
{"learn":[0.0661223394],"iteration":406,"passed_time":2.029565781,"remaining_time":2.957082329},
{"learn":[0.06611764674],"iteration":407,"passed_time":2.034095998,"remaining_time":2.951433409},
{"learn":[0.06611634947],"iteration":408,"passed_time":2.038743464,"remaining_time":2.945959382},
{"learn":[0.06611558683],"iteration":409,"passed_time":2.043167751,"remaining_time":2.940168227},
{"learn":[0.06611479151],"iteration":410,"passed_time":2.047802314,"remaining_time":2.934685068},
{"learn":[0.0661114517],"iteration":411,"passed_time":2.052475141,"remaining_time":2.929260638},
{"learn":[0.06610815478],"iteration":412,"passed_time":2.057372548,"remaining_time":2.924159046},
{"learn":[0.06610644153],"iteration":413,"passed_time":2.062468601,"remaining_time":2.919339615},
{"learn":[0.06610293037],"iteration":414,"passed_time":2.067354103,"remaining_time":2.914222048},
{"learn":[0.06610238307],"iteration":415,"passed_time":2.071787391,"remaining_time":2.908470761},
{"learn":[0.06610029576],"iteration":416,"passed_time":2.07617417,"remaining_time":2.90266077},
{"learn":[0.06609632236],"iteration":417,"passed_time":2.080702093,"remaining_time":2.897054111},
{"learn":[0.06609370116],"iteration":418,"passed_time":2.085125695,"remaining_time":2.891307944},
{"learn":[0.06609320302],"iteration":419,"passed_time":2.089493729,"remaining_time":2.88549134},
{"learn":[0.06609106358],"iteration":420,"passed_time":2.093747328,"remaining_time":2.879524235},
{"learn":[0.0660892396],"iteration":421,"passed_time":2.098551348,"remaining_time":2.874319145},
{"learn":[0.06608424288],"iteration":422,"passed_time":2.103035953,"remaining_time":2.868680248},
{"learn":[0.06608333162],"iteration":423,"passed_time":2.107623757,"remaining_time":2.86318699},
{"learn":[0.066079072],"iteration":424,"passed_time":2.112219023,"remaining_time":2.857708091},
{"learn":[0.06607838573],"iteration":425,"passed_time":2.116858067,"remaining_time":2.852292326},
{"learn":[0.06607694274],"iteration":426,"passed_time":2.121207011,"remaining_time":2.846490907},
{"learn":[0.06607654413],"iteration":427,"passed_time":2.125794605,"remaining_time":2.84101522},
{"learn":[0.0660753789],"iteration":428,"passed_time":2.130287245,"remaining_time":2.835417289},
{"learn":[0.06607211235],"iteration":429,"passed_time":2.134685773,"remaining_time":2.829699746},
{"learn":[0.06607158913],"iteration":430,"passed_time":2.139243841,"remaining_time":2.824198946},
{"learn":[0.06607035078],"iteration":431,"passed_time":2.143797632,"remaining_time":2.818696887},
{"learn":[0.06606875793],"iteration":432,"passed_time":2.148256067,"remaining_time":2.813074342},
{"learn":[0.06606550145],"iteration":433,"passed_time":2.152975434,"remaining_time":2.807797455},
{"learn":[0.06606477235],"iteration":434,"passed_time":2.157540351,"remaining_time":2.802322525},
{"learn":[0.06606366298],"iteration":435,"passed_time":2.162211549,"remaining_time":2.796989252},
{"learn":[0.06606178354],"iteration":436,"passed_time":2.16690705,"remaining_time":2.791690319},
{"learn":[0.06606081368],"iteration":437,"passed_time":2.171246211,"remaining_time":2.785936919},
{"learn":[0.06605984118],"iteration":438,"passed_time":2.175698818,"remaining_time":2.780334935},
{"learn":[0.06605911647],"iteration":439,"passed_time":2.180549337,"remaining_time":2.775244611},
{"learn":[0.06605860836],"iteration":440,"passed_time":2.185066791,"remaining_time":2.769733188},
{"learn":[0.06605781544],"iteration":441,"passed_time":2.189775535,"remaining_time":2.764467757},
{"learn":[0.06605732397],"iteration":442,"passed_time":2.194458943,"remaining_time":2.759172982},
{"learn":[0.06605657711],"iteration":443,"passed_time":2.198960403,"remaining_time":2.753653118},
{"learn":[0.06605505685],"iteration":444,"passed_time":2.203373334,"remaining_time":2.748027416},
{"learn":[0.0660544873],"iteration":445,"passed_time":2.20786658,"remaining_time":2.742506918},
{"learn":[0.06605402201],"iteration":446,"passed_time":2.212404748,"remaining_time":2.73704659},
{"learn":[0.06605335302],"iteration":447,"passed_time":2.217082862,"remaining_time":2.731762812},
{"learn":[0.06605144187],"iteration":448,"passed_time":2.22139647,"remaining_time":2.726034421},
{"learn":[0.0660490012],"iteration":449,"passed_time":2.225636579,"remaining_time":2.720222485},
{"learn":[0.06604683728],"iteration":450,"passed_time":2.230534208,"remaining_time":2.715217916},
{"learn":[0.06604628402],"iteration":451,"passed_time":2.235570543,"remaining_time":2.710381986},
{"learn":[0.06604589497],"iteration":452,"passed_time":2.240608685,"remaining_time":2.705547352},
{"learn":[0.06604331376],"iteration":453,"passed_time":2.24524031,"remaining_time":2.700222928},
{"learn":[0.06604165663],"iteration":454,"passed_time":2.249491217,"remaining_time":2.694445523},
{"learn":[0.06604061824],"iteration":455,"passed_time":2.254130292,"remaining_time":2.689137892},
{"learn":[0.06604026628],"iteration":456,"passed_time":2.258780246,"remaining_time":2.683846113},
{"learn":[0.06603971306],"iteration":457,"passed_time":2.263176513,"remaining_time":2.678256922},
{"learn":[0.06603938895],"iteration":458,"passed_time":2.267839087,"remaining_time":2.67298681},
{"learn":[0.06603756722],"iteration":459,"passed_time":2.272402729,"remaining_time":2.667603203},
{"learn":[0.0660371408],"iteration":460,"passed_time":2.27754432,"remaining_time":2.66289889},
{"learn":[0.06603641527],"iteration":461,"passed_time":2.282297558,"remaining_time":2.657740447},
{"learn":[0.06603589388],"iteration":462,"passed_time":2.287218906,"remaining_time":2.652778731},
{"learn":[0.06603548758],"iteration":463,"passed_time":2.292269994,"remaining_time":2.647967062},
{"learn":[0.06603440308],"iteration":464,"passed_time":2.297357722,"remaining_time":2.643196519},
{"learn":[0.06603309168],"iteration":465,"passed_time":2.302320982,"remaining_time":2.638281983},
{"learn":[0.06602980575],"iteration":466,"passed_time":2.307090767,"remaining_time":2.633146422},
{"learn":[0.06602924422],"iteration":467,"passed_time":2.311743483,"remaining_time":2.627879344},
{"learn":[0.06602863877],"iteration":468,"passed_time":2.316749569,"remaining_time":2.62301497},
{"learn":[0.06602814822],"iteration":469,"passed_time":2.321573241,"remaining_time":2.617944293},
{"learn":[0.06602767982],"iteration":470,"passed_time":2.326411657,"remaining_time":2.612891224},
{"learn":[0.06602720823],"iteration":471,"passed_time":2.331103905,"remaining_time":2.607675554},
{"learn":[0.0660262878],"iteration":472,"passed_time":2.335511642,"remaining_time":2.602145106},
{"learn":[0.06602363731],"iteration":473,"passed_time":2.340030114,"remaining_time":2.596742279},
{"learn":[0.06602072999],"iteration":474,"passed_time":2.344823571,"remaining_time":2.591647105},
{"learn":[0.0660202897],"iteration":475,"passed_time":2.349687299,"remaining_time":2.586630556},
{"learn":[0.0660179149],"iteration":476,"passed_time":2.354380584,"remaining_time":2.581427768},
{"learn":[0.06601716304],"iteration":477,"passed_time":2.359088655,"remaining_time":2.576243259},
{"learn":[0.066016821],"iteration":478,"passed_time":2.364035552,"remaining_time":2.571320506},
{"learn":[0.06601556506],"iteration":479,"passed_time":2.368972888,"remaining_time":2.566387296},
{"learn":[0.06601309599],"iteration":480,"passed_time":2.37383164,"remaining_time":2.561369275},
{"learn":[0.06601153652],"iteration":481,"passed_time":2.379052932,"remaining_time":2.556741533},
{"learn":[0.06601112812],"iteration":482,"passed_time":2.38422231,"remaining_time":2.552055765},
{"learn":[0.06601022126],"iteration":483,"passed_time":2.389094455,"remaining_time":2.547051113},
{"learn":[0.06600991312],"iteration":484,"passed_time":2.394158147,"remaining_time":2.542250404},
{"learn":[0.06600924283],"iteration":485,"passed_time":2.399078205,"remaining_time":2.537296703},
{"learn":[0.06600515996],"iteration":486,"passed_time":2.403623879,"remaining_time":2.531948768},
{"learn":[0.06600411683],"iteration":487,"passed_time":2.407846586,"remaining_time":2.526265271},
{"learn":[0.06600321661],"iteration":488,"passed_time":2.413360746,"remaining_time":2.521937303},
{"learn":[0.06600271806],"iteration":489,"passed_time":2.418540297,"remaining_time":2.517256228},
{"learn":[0.06600242287],"iteration":490,"passed_time":2.423608795,"remaining_time":2.512457997},
{"learn":[0.06599873775],"iteration":491,"passed_time":2.428235119,"remaining_time":2.507202115},
{"learn":[0.065996997],"iteration":492,"passed_time":2.432719714,"remaining_time":2.501803033},
{"learn":[0.0659961574],"iteration":493,"passed_time":2.437699073,"remaining_time":2.496914435},
{"learn":[0.06599456913],"iteration":494,"passed_time":2.442679279,"remaining_time":2.492026335},
{"learn":[0.06599277226],"iteration":495,"passed_time":2.446943368,"remaining_time":2.486410196},
{"learn":[0.06598870391],"iteration":496,"passed_time":2.451862048,"remaining_time":2.481461992},
{"learn":[0.06598826754],"iteration":497,"passed_time":2.457195649,"remaining_time":2.476932161},
{"learn":[0.06598521915],"iteration":498,"passed_time":2.462097581,"remaining_time":2.471965708},
{"learn":[0.06598223694],"iteration":499,"passed_time":2.467081709,"remaining_time":2.467081709},
{"learn":[0.06597886464],"iteration":500,"passed_time":2.472158348,"remaining_time":2.462289453},
{"learn":[0.06597811332],"iteration":501,"passed_time":2.477278362,"remaining_time":2.457539092},
{"learn":[0.06597708794],"iteration":502,"passed_time":2.482286557,"remaining_time":2.452676777},
{"learn":[0.06597652058],"iteration":503,"passed_time":2.487467474,"remaining_time":2.447983863},
{"learn":[0.06597602336],"iteration":504,"passed_time":2.492169405,"remaining_time":2.442819515},
{"learn":[0.06597566449],"iteration":505,"passed_time":2.497481769,"remaining_time":2.438252952},
{"learn":[0.06597357262],"iteration":506,"passed_time":2.502292435,"remaining_time":2.433195602},
{"learn":[0.06597196641],"iteration":507,"passed_time":2.506926768,"remaining_time":2.427968445},
{"learn":[0.06597146729],"iteration":508,"passed_time":2.511453863,"remaining_time":2.42264017},
{"learn":[0.06597067123],"iteration":509,"passed_time":2.516200761,"remaining_time":2.417526221},
{"learn":[0.06597041531],"iteration":510,"passed_time":2.520792698,"remaining_time":2.412265419},
{"learn":[0.06596836084],"iteration":511,"passed_time":2.525043702,"remaining_time":2.406682278},
{"learn":[0.06596764004],"iteration":512,"passed_time":2.529853107,"remaining_time":2.401634431},
{"learn":[0.06596605808],"iteration":513,"passed_time":2.534323627,"remaining_time":2.396267087},
{"learn":[0.06596428485],"iteration":514,"passed_time":2.539001555,"remaining_time":2.391098552},
{"learn":[0.06596372571],"iteration":515,"passed_time":2.54344764,"remaining_time":2.385714453},
{"learn":[0.06596253591],"iteration":516,"passed_time":2.548988564,"remaining_time":2.381356821},
{"learn":[0.06596099508],"iteration":517,"passed_time":2.554018328,"remaining_time":2.376518984},
{"learn":[0.0659594169],"iteration":518,"passed_time":2.558876871,"remaining_time":2.371521724},
{"learn":[0.06595889671],"iteration":519,"passed_time":2.563900565,"remaining_time":2.366677445},
{"learn":[0.0659584049],"iteration":520,"passed_time":2.569324531,"remaining_time":2.362200481},
{"learn":[0.06595446425],"iteration":521,"passed_time":2.575107361,"remaining_time":2.358048503},
{"learn":[0.06595293899],"iteration":522,"passed_time":2.580495016,"remaining_time":2.353529871},
{"learn":[0.06595087794],"iteration":523,"passed_time":2.586107399,"remaining_time":2.349212065},
{"learn":[0.06594921599],"iteration":524,"passed_time":2.591291757,"remaining_time":2.344502066},
{"learn":[0.06594826837],"iteration":525,"passed_time":2.596594119,"remaining_time":2.339896602},
{"learn":[0.06594740372],"iteration":526,"passed_time":2.601617439,"remaining_time":2.335038043},
{"learn":[0.06594667416],"iteration":527,"passed_time":2.606742026,"remaining_time":2.330269386},
{"learn":[0.06594631089],"iteration":528,"passed_time":2.611844662,"remaining_time":2.325479841},
{"learn":[0.06594605673],"iteration":529,"passed_time":2.617073776,"remaining_time":2.320801273},
{"learn":[0.06594548603],"iteration":530,"passed_time":2.622219045,"remaining_time":2.316046576},
{"learn":[0.06594452891],"iteration":531,"passed_time":2.627359564,"remaining_time":2.311286233},
{"learn":[0.06594422919],"iteration":532,"passed_time":2.632019117,"remaining_time":2.306103054},
{"learn":[0.06594389537],"iteration":533,"passed_time":2.636647506,"remaining_time":2.30089464},
{"learn":[0.0659428487],"iteration":534,"passed_time":2.641104919,"remaining_time":2.295539789},
{"learn":[0.06594046049],"iteration":535,"passed_time":2.645397188,"remaining_time":2.290045327},
{"learn":[0.06593966678],"iteration":536,"passed_time":2.64979436,"remaining_time":2.284645789},
{"learn":[0.06593901845],"iteration":537,"passed_time":2.654292781,"remaining_time":2.279336924},
{"learn":[0.06593776312],"iteration":538,"passed_time":2.658837128,"remaining_time":2.274070345},
{"learn":[0.06593713684],"iteration":539,"passed_time":2.663413615,"remaining_time":2.268833821},
{"learn":[0.06593634611],"iteration":540,"passed_time":2.667798507,"remaining_time":2.263437181},
{"learn":[0.06593567531],"iteration":541,"passed_time":2.672700102,"remaining_time":2.258480898},
{"learn":[0.06593509351],"iteration":542,"passed_time":2.677714598,"remaining_time":2.253619837},
{"learn":[0.06593105661],"iteration":543,"passed_time":2.682548287,"remaining_time":2.248606652},
{"learn":[0.06592746401],"iteration":544,"passed_time":2.686995369,"remaining_time":2.243271363},
{"learn":[0.06592678389],"iteration":545,"passed_time":2.691485397,"remaining_time":2.237975037},
{"learn":[0.06592610616],"iteration":546,"passed_time":2.696229968,"remaining_time":2.23289246},
{"learn":[0.06592532969],"iteration":547,"passed_time":2.700762177,"remaining_time":2.227635956},
{"learn":[0.06592483688],"iteration":548,"passed_time":2.705256772,"remaining_time":2.222351192},
{"learn":[0.06592427447],"iteration":549,"passed_time":2.709841987,"remaining_time":2.217143444},
{"learn":[0.06592377573],"iteration":550,"passed_time":2.714351467,"remaining_time":2.211876241},
{"learn":[0.06592344436],"iteration":551,"passed_time":2.719365787,"remaining_time":2.207021508},
{"learn":[0.06592124461],"iteration":552,"passed_time":2.724168631,"remaining_time":2.201995259},
{"learn":[0.06592103753],"iteration":553,"passed_time":2.729582873,"remaining_time":2.197462024},
{"learn":[0.06592035587],"iteration":554,"passed_time":2.734600809,"remaining_time":2.192607856},
{"learn":[0.06591979894],"iteration":555,"passed_time":2.73976374,"remaining_time":2.187868886},
{"learn":[0.06591919016],"iteration":556,"passed_time":2.744659067,"remaining_time":2.18291556},
{"learn":[0.06591755691],"iteration":557,"passed_time":2.749096665,"remaining_time":2.177599867},
{"learn":[0.06591622514],"iteration":558,"passed_time":2.753601224,"remaining_time":2.172340143},
{"learn":[0.06591473206],"iteration":559,"passed_time":2.758089663,"remaining_time":2.167070449},
{"learn":[0.06591241497],"iteration":560,"passed_time":2.762528245,"remaining_time":2.161764527},
{"learn":[0.06591042606],"iteration":561,"passed_time":2.767228643,"remaining_time":2.15666574},
{"learn":[0.06590991128],"iteration":562,"passed_time":2.771630375,"remaining_time":2.151336543},
{"learn":[0.06590960055],"iteration":563,"passed_time":2.776100912,"remaining_time":2.146063826},
{"learn":[0.06590864788],"iteration":564,"passed_time":2.780538896,"remaining_time":2.140768885},
{"learn":[0.06590808272],"iteration":565,"passed_time":2.784883571,"remaining_time":2.135405424},
{"learn":[0.06590665301],"iteration":566,"passed_time":2.789584304,"remaining_time":2.130317467},
{"learn":[0.06590633252],"iteration":567,"passed_time":2.794293314,"remaining_time":2.125237168},
{"learn":[0.06590602],"iteration":568,"passed_time":2.799157466,"remaining_time":2.12027569},
{"learn":[0.0659044471],"iteration":569,"passed_time":2.803712893,"remaining_time":2.115081656},
{"learn":[0.06590418102],"iteration":570,"passed_time":2.808441926,"remaining_time":2.110020291},
{"learn":[0.06590397433],"iteration":571,"passed_time":2.813130622,"remaining_time":2.104929906},
{"learn":[0.06590377708],"iteration":572,"passed_time":2.817830885,"remaining_time":2.099849543},
{"learn":[0.06590347487],"iteration":573,"passed_time":2.822285087,"remaining_time":2.094587887},
{"learn":[0.06590327627],"iteration":574,"passed_time":2.826819579,"remaining_time":2.089388385},
{"learn":[0.06590143783],"iteration":575,"passed_time":2.831282663,"remaining_time":2.084138627},
{"learn":[0.06590062514],"iteration":576,"passed_time":2.83596862,"remaining_time":2.079054984},
{"learn":[0.06589973211],"iteration":577,"passed_time":2.840734584,"remaining_time":2.074031132},
{"learn":[0.06589944792],"iteration":578,"passed_time":2.845309475,"remaining_time":2.068869238},
{"learn":[0.0658965542],"iteration":579,"passed_time":2.849737882,"remaining_time":2.063603294},
{"learn":[0.06589633373],"iteration":580,"passed_time":2.854414262,"remaining_time":2.058519063},
{"learn":[0.06589562174],"iteration":581,"passed_time":2.858813842,"remaining_time":2.053237433},
{"learn":[0.06589521672],"iteration":582,"passed_time":2.863433691,"remaining_time":2.048116379},
{"learn":[0.06589472404],"iteration":583,"passed_time":2.867991589,"remaining_time":2.042952913},
{"learn":[0.06589282587],"iteration":584,"passed_time":2.872293684,"remaining_time":2.037610049},
{"learn":[0.06589229537],"iteration":585,"passed_time":2.876781433,"remaining_time":2.0324019},
{"learn":[0.06589203636],"iteration":586,"passed_time":2.881475638,"remaining_time":2.027341463},
{"learn":[0.06589178795],"iteration":587,"passed_time":2.88592292,"remaining_time":2.022109257},
{"learn":[0.06589110225],"iteration":588,"passed_time":2.890398003,"remaining_time":2.016899116},
{"learn":[0.06589069689],"iteration":589,"passed_time":2.89542219,"remaining_time":2.012073047},
{"learn":[0.06589018913],"iteration":590,"passed_time":2.900057213,"remaining_time":2.006976988},
{"learn":[0.06588889152],"iteration":591,"passed_time":2.90451289,"remaining_time":2.001758884},
{"learn":[0.06588831838],"iteration":592,"passed_time":2.909020916,"remaining_time":1.996579279},
{"learn":[0.06588731433],"iteration":593,"passed_time":2.913939382,"remaining_time":1.991682474},
{"learn":[0.0658868129],"iteration":594,"passed_time":2.918612328,"remaining_time":1.986618476},
{"learn":[0.06588619439],"iteration":595,"passed_time":2.923258095,"remaining_time":1.981537366},
{"learn":[0.06588441122],"iteration":596,"passed_time":2.927727037,"remaining_time":1.976338352},
{"learn":[0.06588407676],"iteration":597,"passed_time":2.932245402,"remaining_time":1.971175002},
{"learn":[0.06588363963],"iteration":598,"passed_time":2.937203407,"remaining_time":1.966308124},
{"learn":[0.06588336798],"iteration":599,"passed_time":2.942188599,"remaining_time":1.961459066},
{"learn":[0.06588300543],"iteration":600,"passed_time":2.947124332,"remaining_time":1.95657672},
{"learn":[0.06588126324],"iteration":601,"passed_time":2.951714228,"remaining_time":1.951465553},
{"learn":[0.06588086714],"iteration":602,"passed_time":2.956356503,"remaining_time":1.9463906},
{"learn":[0.06588042622],"iteration":603,"passed_time":2.96089003,"remaining_time":1.941245781},
{"learn":[0.06588025828],"iteration":604,"passed_time":2.965504384,"remaining_time":1.936155755},
{"learn":[0.06587755192],"iteration":605,"passed_time":2.969762489,"remaining_time":1.930835678},
{"learn":[0.06587726869],"iteration":606,"passed_time":2.974491039,"remaining_time":1.925823688},
{"learn":[0.06587513367],"iteration":607,"passed_time":2.978874791,"remaining_time":1.920590326},
{"learn":[0.06587425993],"iteration":608,"passed_time":2.983476219,"remaining_time":1.91549951},
{"learn":[0.06587400714],"iteration":609,"passed_time":2.98806023,"remaining_time":1.910399163},
{"learn":[0.06587318786],"iteration":610,"passed_time":2.992557919,"remaining_time":1.905245549},
{"learn":[0.06587191383],"iteration":611,"passed_time":2.997115668,"remaining_time":1.900132156},
{"learn":[0.06587149822],"iteration":612,"passed_time":3.001726332,"remaining_time":1.895053981},
{"learn":[0.06587105422],"iteration":613,"passed_time":3.006378107,"remaining_time":1.890003175},
{"learn":[0.06587068402],"iteration":614,"passed_time":3.010876902,"remaining_time":1.884857898},
{"learn":[0.06587049049],"iteration":615,"passed_time":3.015481286,"remaining_time":1.879780542},
{"learn":[0.06586995103],"iteration":616,"passed_time":3.020241183,"remaining_time":1.874801253},
{"learn":[0.06586973856],"iteration":617,"passed_time":3.02492325,"remaining_time":1.869774566},
{"learn":[0.06586703502],"iteration":618,"passed_time":3.029178714,"remaining_time":1.864486414},
{"learn":[0.06586596714],"iteration":619,"passed_time":3.033760372,"remaining_time":1.859401518},
{"learn":[0.06586521803],"iteration":620,"passed_time":3.038217541,"remaining_time":1.854242268},
{"learn":[0.06586494619],"iteration":621,"passed_time":3.042912522,"remaining_time":1.849229796},
{"learn":[0.06586471317],"iteration":622,"passed_time":3.04724503,"remaining_time":1.843998999},
{"learn":[0.06586310845],"iteration":623,"passed_time":3.051373961,"remaining_time":1.838648412},
{"learn":[0.0658628681],"iteration":624,"passed_time":3.055951601,"remaining_time":1.833570961},
{"learn":[0.06586176214],"iteration":625,"passed_time":3.060738806,"remaining_time":1.828620309},
{"learn":[0.06586150842],"iteration":626,"passed_time":3.065466037,"remaining_time":1.8236345},
{"learn":[0.06586021501],"iteration":627,"passed_time":3.070042567,"remaining_time":1.818560247},
{"learn":[0.06585977858],"iteration":628,"passed_time":3.074599148,"remaining_time":1.813475809},
{"learn":[0.06585955194],"iteration":629,"passed_time":3.079124562,"remaining_time":1.808374743},
{"learn":[0.06585903934],"iteration":630,"passed_time":3.083965653,"remaining_time":1.803460105},
{"learn":[0.06585787782],"iteration":631,"passed_time":3.088759684,"remaining_time":1.798518297},
{"learn":[0.06585753614],"iteration":632,"passed_time":3.093337899,"remaining_time":1.793451831},
{"learn":[0.0658555721],"iteration":633,"passed_time":3.097811202,"remaining_time":1.788326341},
{"learn":[0.06585511218],"iteration":634,"passed_time":3.102372464,"remaining_time":1.783253463},
{"learn":[0.0658548831],"iteration":635,"passed_time":3.106803696,"remaining_time":1.778107776},
{"learn":[0.06585422115],"iteration":636,"passed_time":3.111254006,"remaining_time":1.772975203},
{"learn":[0.06585390518],"iteration":637,"passed_time":3.115850178,"remaining_time":1.76792753},
{"learn":[0.06585354981],"iteration":638,"passed_time":3.120230108,"remaining_time":1.762759107},
{"learn":[0.06585153934],"iteration":639,"passed_time":3.124668512,"remaining_time":1.757626038},
{"learn":[0.0658507531],"iteration":640,"passed_time":3.129161214,"remaining_time":1.752525547},
{"learn":[0.06584880541],"iteration":641,"passed_time":3.133715131,"remaining_time":1.747461086},
{"learn":[0.06584732248],"iteration":642,"passed_time":3.138145448,"remaining_time":1.742329588},
{"learn":[0.06584603051],"iteration":643,"passed_time":3.142702315,"remaining_time":1.737270224},
{"learn":[0.06584444122],"iteration":644,"passed_time":3.147407028,"remaining_time":1.732293791},
{"learn":[0.0658441252],"iteration":645,"passed_time":3.15305972,"remaining_time":1.727837679},
{"learn":[0.06584387181],"iteration":646,"passed_time":3.158383643,"remaining_time":1.723198494},
{"learn":[0.06584207898],"iteration":647,"passed_time":3.163832591,"remaining_time":1.718625111},
{"learn":[0.06584090615],"iteration":648,"passed_time":3.169158576,"remaining_time":1.713982527},
{"learn":[0.06584028131],"iteration":649,"passed_time":3.174506043,"remaining_time":1.709349408},
{"learn":[0.06583985873],"iteration":650,"passed_time":3.17994427,"remaining_time":1.70476275},
{"learn":[0.06583965163],"iteration":651,"passed_time":3.18509421,"remaining_time":1.700019609},
{"learn":[0.06583900972],"iteration":652,"passed_time":3.190592171,"remaining_time":1.695460158},
{"learn":[0.06583654062],"iteration":653,"passed_time":3.195902687,"remaining_time":1.690798669},
{"learn":[0.06583623851],"iteration":654,"passed_time":3.200914475,"remaining_time":1.685977853},
{"learn":[0.06583339245],"iteration":655,"passed_time":3.207438636,"remaining_time":1.681949529},
{"learn":[0.06583262191],"iteration":656,"passed_time":3.213743516,"remaining_time":1.677799127},
{"learn":[0.06583242276],"iteration":657,"passed_time":3.219624332,"remaining_time":1.673421765},
{"learn":[0.0658322042],"iteration":658,"passed_time":3.22482042,"remaining_time":1.668685528},
{"learn":[0.06583196236],"iteration":659,"passed_time":3.230284058,"remaining_time":1.664085727},
{"learn":[0.06583174348],"iteration":660,"passed_time":3.235450229,"remaining_time":1.659330753},
{"learn":[0.06583136773],"iteration":661,"passed_time":3.241481202,"remaining_time":1.655016082},
{"learn":[0.06583124549],"iteration":662,"passed_time":3.247980453,"remaining_time":1.650934257},
{"learn":[0.0658293017],"iteration":663,"passed_time":3.253165409,"remaining_time":1.646180086},
{"learn":[0.06582889955],"iteration":664,"passed_time":3.257888481,"remaining_time":1.641191942},
{"learn":[0.06582702749],"iteration":665,"passed_time":3.262288999,"remaining_time":1.636042831},
{"learn":[0.06582555079],"iteration":666,"passed_time":3.266944582,"remaining_time":1.631023307},
{"learn":[0.06582515789],"iteration":667,"passed_time":3.271461464,"remaining_time":1.625935937},
{"learn":[0.06582478972],"iteration":668,"passed_time":3.275993744,"remaining_time":1.620857891},
{"learn":[0.06582350024],"iteration":669,"passed_time":3.282330859,"remaining_time":1.616670423},
{"learn":[0.06582326148],"iteration":670,"passed_time":3.287563933,"remaining_time":1.611935222},
{"learn":[0.06582217611],"iteration":671,"passed_time":3.292157431,"remaining_time":1.606886365},
{"learn":[0.06582178441],"iteration":672,"passed_time":3.296684508,"remaining_time":1.601806589},
{"learn":[0.06582163441],"iteration":673,"passed_time":3.30161901,"remaining_time":1.596925515},
{"learn":[0.06582114978],"iteration":674,"passed_time":3.306283454,"remaining_time":1.591914256},
{"learn":[0.0658197914],"iteration":675,"passed_time":3.310582881,"remaining_time":1.586729073},
{"learn":[0.06581952357],"iteration":676,"passed_time":3.315127281,"remaining_time":1.581663385},
{"learn":[0.06581899986],"iteration":677,"passed_time":3.319703798,"remaining_time":1.576614488},
{"learn":[0.06581756786],"iteration":678,"passed_time":3.323847522,"remaining_time":1.571362378},
{"learn":[0.06581725097],"iteration":679,"passed_time":3.328466656,"remaining_time":1.56633725},
{"learn":[0.06581692055],"iteration":680,"passed_time":3.332988836,"remaining_time":1.561267898},
{"learn":[0.06581664849],"iteration":681,"passed_time":3.33766158,"remaining_time":1.556270355},
{"learn":[0.06581644701],"iteration":682,"passed_time":3.342188614,"remaining_time":1.551206136},
{"learn":[0.06581584419],"iteration":683,"passed_time":3.346622901,"remaining_time":1.546100639},
{"learn":[0.06581542096],"iteration":684,"passed_time":3.351180523,"remaining_time":1.541053817},
{"learn":[0.06581519382],"iteration":685,"passed_time":3.355889309,"remaining_time":1.536077614},
{"learn":[0.06581410081],"iteration":686,"passed_time":3.360338787,"remaining_time":1.530984047},
{"learn":[0.06581381964],"iteration":687,"passed_time":3.3649546,"remaining_time":1.525967784},
{"learn":[0.06581364152],"iteration":688,"passed_time":3.369417475,"remaining_time":1.52088365},
{"learn":[0.06581330685],"iteration":689,"passed_time":3.373938034,"remaining_time":1.515827233},
{"learn":[0.06581310474],"iteration":690,"passed_time":3.378516835,"remaining_time":1.510798411},
{"learn":[0.06581266764],"iteration":691,"passed_time":3.383002652,"remaining_time":1.505729504},
{"learn":[0.06581187084],"iteration":692,"passed_time":3.387443046,"remaining_time":1.500642157},
{"learn":[0.06581163436],"iteration":693,"passed_time":3.392231656,"remaining_time":1.495710212},
{"learn":[0.06581057815],"iteration":694,"passed_time":3.396725708,"remaining_time":1.490649411},
{"learn":[0.06580999371],"iteration":695,"passed_time":3.401422078,"remaining_time":1.485678609},
{"learn":[0.06580849525],"iteration":696,"passed_time":3.405943516,"remaining_time":1.480632547},
{"learn":[0.06580830215],"iteration":697,"passed_time":3.410799821,"remaining_time":1.475732874},
{"learn":[0.06580810851],"iteration":698,"passed_time":3.415745328,"remaining_time":1.470871736},
{"learn":[0.06580799946],"iteration":699,"passed_time":3.420927892,"remaining_time":1.466111954},
{"learn":[0.06580748153],"iteration":700,"passed_time":3.425678676,"remaining_time":1.461166796},
{"learn":[0.06580722035],"iteration":701,"passed_time":3.430412813,"remaining_time":1.456215126},
{"learn":[0.06580709212],"iteration":702,"passed_time":3.435292132,"remaining_time":1.45132541},
{"learn":[0.06580671866],"iteration":703,"passed_time":3.439990742,"remaining_time":1.446359744},
{"learn":[0.06580632627],"iteration":704,"passed_time":3.444865359,"remaining_time":1.441468484},
{"learn":[0.06580613567],"iteration":705,"passed_time":3.450095319,"remaining_time":1.436725246},
{"learn":[0.06580479495],"iteration":706,"passed_time":3.454542237,"remaining_time":1.431656118},
{"learn":[0.06580341902],"iteration":707,"passed_time":3.458611508,"remaining_time":1.426432995},
{"learn":[0.06580252911],"iteration":708,"passed_time":3.463279684,"remaining_time":1.42145894},
{"learn":[0.06580224866],"iteration":709,"passed_time":3.468446178,"remaining_time":1.416689284},
{"learn":[0.06580111769],"iteration":710,"passed_time":3.473979279,"remaining_time":1.412067527},
{"learn":[0.06580083106],"iteration":711,"passed_time":3.478876334,"remaining_time":1.407185933},
{"learn":[0.06580064557],"iteration":712,"passed_time":3.483601484,"remaining_time":1.4022351},
{"learn":[0.06580027887],"iteration":713,"passed_time":3.488527596,"remaining_time":1.397365396},
{"learn":[0.06579912227],"iteration":714,"passed_time":3.493026347,"remaining_time":1.392325187},
{"learn":[0.06579695867],"iteration":715,"passed_time":3.497340086,"remaining_time":1.387213107},
{"learn":[0.06579667856],"iteration":716,"passed_time":3.501874292,"remaining_time":1.382190272},
{"learn":[0.06579629266],"iteration":717,"passed_time":3.50643012,"remaining_time":1.377177289},
{"learn":[0.06579574735],"iteration":718,"passed_time":3.511230673,"remaining_time":1.372261223},
{"learn":[0.06579562508],"iteration":719,"passed_time":3.516351801,"remaining_time":1.367470145},
{"learn":[0.06579543972],"iteration":720,"passed_time":3.522060699,"remaining_time":1.362905596},
{"learn":[0.06579534259],"iteration":721,"passed_time":3.527030726,"remaining_time":1.358053382},
{"learn":[0.0657936812],"iteration":722,"passed_time":3.532124924,"remaining_time":1.353248415},
{"learn":[0.06579351129],"iteration":723,"passed_time":3.538063651,"remaining_time":1.348764596},
{"learn":[0.06579329633],"iteration":724,"passed_time":3.542936263,"remaining_time":1.343872376},
{"learn":[0.06579195131],"iteration":725,"passed_time":3.548616319,"remaining_time":1.339284947},
{"learn":[0.06579167372],"iteration":726,"passed_time":3.554069791,"remaining_time":1.334609426},
{"learn":[0.06579131802],"iteration":727,"passed_time":3.559468717,"remaining_time":1.329911389},
{"learn":[0.06579076797],"iteration":728,"passed_time":3.564993908,"remaining_time":1.325258366},
{"learn":[0.06579066589],"iteration":729,"passed_time":3.572030325,"remaining_time":1.321161901},
{"learn":[0.06578995958],"iteration":730,"passed_time":3.579636821,"remaining_time":1.317267175},
{"learn":[0.06578963673],"iteration":731,"passed_time":3.586076821,"remaining_time":1.31293523},
{"learn":[0.0657894071],"iteration":732,"passed_time":3.591422123,"remaining_time":1.308198781},
{"learn":[0.06578892848],"iteration":733,"passed_time":3.596811181,"remaining_time":1.303476532},
{"learn":[0.0657867182],"iteration":734,"passed_time":3.601761483,"remaining_time":1.298594276},
{"learn":[0.06578661119],"iteration":735,"passed_time":3.607095112,"remaining_time":1.293849334},
{"learn":[0.06578615257],"iteration":736,"passed_time":3.612381065,"remaining_time":1.28908578},
{"learn":[0.06578605316],"iteration":737,"passed_time":3.61773851,"remaining_time":1.284346192},
{"learn":[0.06578579891],"iteration":738,"passed_time":3.623421034,"remaining_time":1.279719743},
{"learn":[0.0657856971],"iteration":739,"passed_time":3.629032258,"remaining_time":1.275065388},
{"learn":[0.06578553183],"iteration":740,"passed_time":3.634434211,"remaining_time":1.270335305},
{"learn":[0.06578529103],"iteration":741,"passed_time":3.639580717,"remaining_time":1.265514589},
{"learn":[0.06578431115],"iteration":742,"passed_time":3.644397874,"remaining_time":1.260579076},
{"learn":[0.06578280513],"iteration":743,"passed_time":3.649014902,"remaining_time":1.25557502},
{"learn":[0.06578249272],"iteration":744,"passed_time":3.654104211,"remaining_time":1.250733656},
{"learn":[0.06578182497],"iteration":745,"passed_time":3.659076197,"remaining_time":1.245851681},
{"learn":[0.06578144493],"iteration":746,"passed_time":3.664217311,"remaining_time":1.241026747},
{"learn":[0.06578067947],"iteration":747,"passed_time":3.669068606,"remaining_time":1.236103327},
{"learn":[0.06578041172],"iteration":748,"passed_time":3.674290145,"remaining_time":1.231304174},
{"learn":[0.06578010256],"iteration":749,"passed_time":3.679351529,"remaining_time":1.22645051},
{"learn":[0.0657798366],"iteration":750,"passed_time":3.684352577,"remaining_time":1.221576287},
{"learn":[0.06577952159],"iteration":751,"passed_time":3.689458371,"remaining_time":1.216736271},
{"learn":[0.06577859919],"iteration":752,"passed_time":3.694612618,"remaining_time":1.211911443},
{"learn":[0.0657785049],"iteration":753,"passed_time":3.699959072,"remaining_time":1.207148451},
{"learn":[0.0657774389],"iteration":754,"passed_time":3.704992602,"remaining_time":1.202282368},
{"learn":[0.06577709489],"iteration":755,"passed_time":3.710137414,"remaining_time":1.197451758},
{"learn":[0.06577467506],"iteration":756,"passed_time":3.715395783,"remaining_time":1.19265677},
{"learn":[0.06577451783],"iteration":757,"passed_time":3.72102968,"remaining_time":1.187980452},
{"learn":[0.06577417975],"iteration":758,"passed_time":3.726098462,"remaining_time":1.183122173},
{"learn":[0.06577409835],"iteration":759,"passed_time":3.730823711,"remaining_time":1.178154856},
{"learn":[0.06577301816],"iteration":760,"passed_time":3.735218419,"remaining_time":1.173084366},
{"learn":[0.06577291628],"iteration":761,"passed_time":3.740524481,"remaining_time":1.168300297},
{"learn":[0.0657725059],"iteration":762,"passed_time":3.745410685,"remaining_time":1.163384446},
{"learn":[0.06577178003],"iteration":763,"passed_time":3.750358225,"remaining_time":1.158487619},
{"learn":[0.06577152253],"iteration":764,"passed_time":3.755360986,"remaining_time":1.153607623},
{"learn":[0.06577137184],"iteration":765,"passed_time":3.760278658,"remaining_time":1.148701313},
{"learn":[0.06577116177],"iteration":766,"passed_time":3.765348281,"remaining_time":1.143841133},
{"learn":[0.06577099808],"iteration":767,"passed_time":3.770348336,"remaining_time":1.138959393},
{"learn":[0.0657707722],"iteration":768,"passed_time":3.775178364,"remaining_time":1.13402627},
{"learn":[0.06577048857],"iteration":769,"passed_time":3.780333185,"remaining_time":1.129190432},
{"learn":[0.0657702747],"iteration":770,"passed_time":3.785429687,"remaining_time":1.124336444},
{"learn":[0.0657701265],"iteration":771,"passed_time":3.79022189,"remaining_time":1.119391957},
{"learn":[0.06576995878],"iteration":772,"passed_time":3.795087178,"remaining_time":1.114469327},
{"learn":[0.06576964376],"iteration":773,"passed_time":3.7997395,"remaining_time":1.10948466},
{"learn":[0.06576957451],"iteration":774,"passed_time":3.804322964,"remaining_time":1.10448086},
{"learn":[0.06576942975],"iteration":775,"passed_time":3.808735177,"remaining_time":1.099428711},
{"learn":[0.06576915727],"iteration":776,"passed_time":3.813284608,"remaining_time":1.09441759},
{"learn":[0.06576888903],"iteration":777,"passed_time":3.817793147,"remaining_time":1.089395988},
{"learn":[0.06576869162],"iteration":778,"passed_time":3.822690437,"remaining_time":1.08448599},
{"learn":[0.06576845754],"iteration":779,"passed_time":3.827577992,"remaining_time":1.07957328},
{"learn":[0.06576763743],"iteration":780,"passed_time":3.83247297,"remaining_time":1.074662715},
{"learn":[0.06576698247],"iteration":781,"passed_time":3.836921031,"remaining_time":1.069627602},
{"learn":[0.06576562921],"iteration":782,"passed_time":3.840965369,"remaining_time":1.064482101},
{"learn":[0.06576457497],"iteration":783,"passed_time":3.845774176,"remaining_time":1.059550028},
{"learn":[0.06576401077],"iteration":784,"passed_time":3.851146062,"remaining_time":1.054772488},
{"learn":[0.06576174207],"iteration":785,"passed_time":3.855609443,"remaining_time":1.049746082},
{"learn":[0.06576154387],"iteration":786,"passed_time":3.860312907,"remaining_time":1.044786085},
{"learn":[0.06576138587],"iteration":787,"passed_time":3.86501219,"remaining_time":1.039825615},
{"learn":[0.06576117491],"iteration":788,"passed_time":3.87012054,"remaining_time":1.034975201},
{"learn":[0.06576040127],"iteration":789,"passed_time":3.87500912,"remaining_time":1.030065715},
{"learn":[0.06575971298],"iteration":790,"passed_time":3.879967968,"remaining_time":1.025174849},
{"learn":[0.06575931927],"iteration":791,"passed_time":3.884491289,"remaining_time":1.02016943},
{"learn":[0.06575914466],"iteration":792,"passed_time":3.889180013,"remaining_time":1.015208402},
{"learn":[0.06575855149],"iteration":793,"passed_time":3.893700284,"remaining_time":1.010204356},
{"learn":[0.0657579571],"iteration":794,"passed_time":3.898239625,"remaining_time":1.005206444},
{"learn":[0.06575780028],"iteration":795,"passed_time":3.902989535,"remaining_time":1.00026365},
{"learn":[0.06575687307],"iteration":796,"passed_time":3.907399524,"remaining_time":0.9952347596},
{"learn":[0.06575661834],"iteration":797,"passed_time":3.911990554,"remaining_time":0.9902532479},
{"learn":[0.06575557325],"iteration":798,"passed_time":3.917147068,"remaining_time":0.9854149696},
{"learn":[0.06575457723],"iteration":799,"passed_time":3.922498437,"remaining_time":0.9806246093},
{"learn":[0.06575442058],"iteration":800,"passed_time":3.927978736,"remaining_time":0.9758648795},
{"learn":[0.06575382795],"iteration":801,"passed_time":3.933334478,"remaining_time":0.9710726018},
{"learn":[0.06575344142],"iteration":802,"passed_time":3.9380466,"remaining_time":0.9661210214},
{"learn":[0.06575317205],"iteration":803,"passed_time":3.942909246,"remaining_time":0.9612067316},
{"learn":[0.06575295772],"iteration":804,"passed_time":3.947669687,"remaining_time":0.9562678123},
{"learn":[0.06575199705],"iteration":805,"passed_time":3.952266543,"remaining_time":0.9512899621},
{"learn":[0.06575181509],"iteration":806,"passed_time":3.956643888,"remaining_time":0.9462605581},
{"learn":[0.06575129129],"iteration":807,"passed_time":3.961267962,"remaining_time":0.9412913968},
{"learn":[0.06575101301],"iteration":808,"passed_time":3.966044568,"remaining_time":0.9363591008},
{"learn":[0.06575084885],"iteration":809,"passed_time":3.971036407,"remaining_time":0.9314776758},
{"learn":[0.06574955534],"iteration":810,"passed_time":3.975967772,"remaining_time":0.9265818853},
{"learn":[0.06574947395],"iteration":811,"passed_time":3.981077448,"remaining_time":0.921727291},
{"learn":[0.06574920283],"iteration":812,"passed_time":3.985900359,"remaining_time":0.9168061097},
{"learn":[0.06574890491],"iteration":813,"passed_time":3.990349003,"remaining_time":0.9117996493},
{"learn":[0.06574868949],"iteration":814,"passed_time":3.99485787,"remaining_time":0.9068082281},
{"learn":[0.0657485509],"iteration":815,"passed_time":3.999256836,"remaining_time":0.9017932081},
{"learn":[0.06574834532],"iteration":816,"passed_time":4.004747534,"remaining_time":0.8970242335},
{"learn":[0.06574787157],"iteration":817,"passed_time":4.009953574,"remaining_time":0.8921901594},
{"learn":[0.06574730316],"iteration":818,"passed_time":4.015269785,"remaining_time":0.8873795252},
{"learn":[0.06574685475],"iteration":819,"passed_time":4.020142003,"remaining_time":0.8824701958},
{"learn":[0.06574642732],"iteration":820,"passed_time":4.02479813,"remaining_time":0.8775138431},
{"learn":[0.06574587696],"iteration":821,"passed_time":4.029367342,"remaining_time":0.8725394001},
{"learn":[0.06574578392],"iteration":822,"passed_time":4.034059439,"remaining_time":0.8675923703},
{"learn":[0.06574557249],"iteration":823,"passed_time":4.03869522,"remaining_time":0.8626339305},
{"learn":[0.06574544456],"iteration":824,"passed_time":4.043241609,"remaining_time":0.8576573109},
{"learn":[0.0657453076],"iteration":825,"passed_time":4.0478226,"remaining_time":0.8526890224},
{"learn":[0.06574518028],"iteration":826,"passed_time":4.052533157,"remaining_time":0.847748774},
{"learn":[0.06574498916],"iteration":827,"passed_time":4.057181843,"remaining_time":0.8427962283},
{"learn":[0.06574492709],"iteration":828,"passed_time":4.061830842,"remaining_time":0.83784448},
{"learn":[0.06574477283],"iteration":829,"passed_time":4.066432073,"remaining_time":0.8328836776},
{"learn":[0.06574378421],"iteration":830,"passed_time":4.070948243,"remaining_time":0.8279064417},
{"learn":[0.06574357046],"iteration":831,"passed_time":4.075512682,"remaining_time":0.8229400608},
{"learn":[0.06574340027],"iteration":832,"passed_time":4.080181839,"remaining_time":0.8179956387},
{"learn":[0.06574315063],"iteration":833,"passed_time":4.084817326,"remaining_time":0.8130451752},
{"learn":[0.0657427927],"iteration":834,"passed_time":4.089422422,"remaining_time":0.8080894606},
{"learn":[0.06574262683],"iteration":835,"passed_time":4.093926846,"remaining_time":0.8031148358},
{"learn":[0.06574233273],"iteration":836,"passed_time":4.098616123,"remaining_time":0.7981773334},
{"learn":[0.06574205085],"iteration":837,"passed_time":4.103225671,"remaining_time":0.7932250104},
{"learn":[0.06574158935],"iteration":838,"passed_time":4.107872691,"remaining_time":0.7882806952},
{"learn":[0.06574134868],"iteration":839,"passed_time":4.112510022,"remaining_time":0.7833352423},
{"learn":[0.06574091636],"iteration":840,"passed_time":4.117036137,"remaining_time":0.7783694956},
{"learn":[0.06574037212],"iteration":841,"passed_time":4.121806122,"remaining_time":0.7734505549},
{"learn":[0.06573976171],"iteration":842,"passed_time":4.126366207,"remaining_time":0.768492876},
{"learn":[0.06573954312],"iteration":843,"passed_time":4.130928498,"remaining_time":0.7635365471},
{"learn":[0.06573912726],"iteration":844,"passed_time":4.135421758,"remaining_time":0.7585684882},
{"learn":[0.06573906304],"iteration":845,"passed_time":4.139959939,"remaining_time":0.7536097288},
{"learn":[0.0657389843],"iteration":846,"passed_time":4.144429595,"remaining_time":0.7486395844},
{"learn":[0.06573875426],"iteration":847,"passed_time":4.149009751,"remaining_time":0.7436904271},
{"learn":[0.06573858981],"iteration":848,"passed_time":4.153537197,"remaining_time":0.7387327641},
{"learn":[0.06573822496],"iteration":849,"passed_time":4.158051299,"remaining_time":0.7337737586},
{"learn":[0.06573669995],"iteration":850,"passed_time":4.162314555,"remaining_time":0.7287718786},
{"learn":[0.06573615446],"iteration":851,"passed_time":4.167069239,"remaining_time":0.7238570979},
{"learn":[0.06573601324],"iteration":852,"passed_time":4.171796125,"remaining_time":0.718937902},
{"learn":[0.06573563065],"iteration":853,"passed_time":4.176351588,"remaining_time":0.71398985},
{"learn":[0.0657353248],"iteration":854,"passed_time":4.181069626,"remaining_time":0.7090702875},
{"learn":[0.06573490008],"iteration":855,"passed_time":4.18563942,"remaining_time":0.7041262576},
{"learn":[0.06573475246],"iteration":856,"passed_time":4.190054703,"remaining_time":0.6991573192},
{"learn":[0.06573461367],"iteration":857,"passed_time":4.194602946,"remaining_time":0.6942116763},
{"learn":[0.06573448499],"iteration":858,"passed_time":4.199137907,"remaining_time":0.6892647786},
{"learn":[0.06573428416],"iteration":859,"passed_time":4.203703548,"remaining_time":0.6843238335},
{"learn":[0.06573377354],"iteration":860,"passed_time":4.208345002,"remaining_time":0.6793959991},
{"learn":[0.0657335776],"iteration":861,"passed_time":4.212898146,"remaining_time":0.6744546916},
{"learn":[0.06573316042],"iteration":862,"passed_time":4.217587206,"remaining_time":0.6695358601},
{"learn":[0.06573309584],"iteration":863,"passed_time":4.222342874,"remaining_time":0.6646280449},
{"learn":[0.06573260232],"iteration":864,"passed_time":4.226626522,"remaining_time":0.6596469139},
{"learn":[0.06573248873],"iteration":865,"passed_time":4.231212723,"remaining_time":0.6547142089},
{"learn":[0.0657323311],"iteration":866,"passed_time":4.236072967,"remaining_time":0.6498243421},
{"learn":[0.06573223555],"iteration":867,"passed_time":4.240577953,"remaining_time":0.6448805182},
{"learn":[0.06573197637],"iteration":868,"passed_time":4.245290027,"remaining_time":0.6399689224},
{"learn":[0.06573177467],"iteration":869,"passed_time":4.24983776,"remaining_time":0.6350332285},
{"learn":[0.06573164686],"iteration":870,"passed_time":4.254610756,"remaining_time":0.6301317882},
{"learn":[0.06573148478],"iteration":871,"passed_time":4.25909413,"remaining_time":0.6251881291},
{"learn":[0.06573121163],"iteration":872,"passed_time":4.263676409,"remaining_time":0.6202599129},
{"learn":[0.06572988624],"iteration":873,"passed_time":4.26837279,"remaining_time":0.6153489377},
{"learn":[0.06572973664],"iteration":874,"passed_time":4.272846793,"remaining_time":0.6104066847},
{"learn":[0.06572921845],"iteration":875,"passed_time":4.277328472,"remaining_time":0.6054665874},
{"learn":[0.06572881057],"iteration":876,"passed_time":4.282016436,"remaining_time":0.6005564671},
{"learn":[0.06572862476],"iteration":877,"passed_time":4.286550185,"remaining_time":0.5956254243},
{"learn":[0.06572851669],"iteration":878,"passed_time":4.291031172,"remaining_time":0.5906880226},
{"learn":[0.06572832357],"iteration":879,"passed_time":4.295612323,"remaining_time":0.5857653168},
{"learn":[0.06572821921],"iteration":880,"passed_time":4.300243462,"remaining_time":0.5808501385},
{"learn":[0.06572802807],"iteration":881,"passed_time":4.304748071,"remaining_time":0.5759186762},
{"learn":[0.06572770427],"iteration":882,"passed_time":4.30945112,"remaining_time":0.5710144746},
{"learn":[0.0657276039],"iteration":883,"passed_time":4.31514066,"remaining_time":0.5662401771},
{"learn":[0.06572743337],"iteration":884,"passed_time":4.320237739,"remaining_time":0.5613868248},
{"learn":[0.06572688669],"iteration":885,"passed_time":4.324764529,"remaining_time":0.5564595444},
{"learn":[0.06572640499],"iteration":886,"passed_time":4.329301117,"remaining_time":0.5515344151},
{"learn":[0.06572619211],"iteration":887,"passed_time":4.334050589,"remaining_time":0.5466370113},
{"learn":[0.06572580152],"iteration":888,"passed_time":4.338618468,"remaining_time":0.5417172665},
{"learn":[0.06572543793],"iteration":889,"passed_time":4.343216357,"remaining_time":0.5368020216},
{"learn":[0.06572517224],"iteration":890,"passed_time":4.348044879,"remaining_time":0.5319157035},
{"learn":[0.06572502772],"iteration":891,"passed_time":4.352657578,"remaining_time":0.5270033839},
{"learn":[0.06572439473],"iteration":892,"passed_time":4.357263069,"remaining_time":0.5220908717},
{"learn":[0.06572369407],"iteration":893,"passed_time":4.361740509,"remaining_time":0.5171638634},
{"learn":[0.06572333469],"iteration":894,"passed_time":4.366149029,"remaining_time":0.5122297743},
{"learn":[0.06572307153],"iteration":895,"passed_time":4.370811973,"remaining_time":0.5073263897},
{"learn":[0.06572250698],"iteration":896,"passed_time":4.375443376,"remaining_time":0.5024199195},
{"learn":[0.0657213793],"iteration":897,"passed_time":4.380212751,"remaining_time":0.4975297334},
{"learn":[0.06572125389],"iteration":898,"passed_time":4.384840424,"remaining_time":0.4926238963},
{"learn":[0.06572108616],"iteration":899,"passed_time":4.389287519,"remaining_time":0.4876986132},
{"learn":[0.06572096994],"iteration":900,"passed_time":4.393770378,"remaining_time":0.4827783212},
{"learn":[0.06572027499],"iteration":901,"passed_time":4.398221708,"remaining_time":0.4778555736},
{"learn":[0.06571991843],"iteration":902,"passed_time":4.402711985,"remaining_time":0.4729380538},
{"learn":[0.06571981318],"iteration":903,"passed_time":4.40725953,"remaining_time":0.4680275607},
{"learn":[0.0657190894],"iteration":904,"passed_time":4.411690444,"remaining_time":0.4631056267},
{"learn":[0.06571792891],"iteration":905,"passed_time":4.416229747,"remaining_time":0.4581960223},
{"learn":[0.06571642049],"iteration":906,"passed_time":4.420920174,"remaining_time":0.4533027301},
{"learn":[0.06571558197],"iteration":907,"passed_time":4.425489828,"remaining_time":0.4483976478},
{"learn":[0.06571545535],"iteration":908,"passed_time":4.429951451,"remaining_time":0.4434824885},
{"learn":[0.06571527131],"iteration":909,"passed_time":4.434802903,"remaining_time":0.4386068805},
{"learn":[0.06571517016],"iteration":910,"passed_time":4.439555208,"remaining_time":0.4337216394},
{"learn":[0.0657151073],"iteration":911,"passed_time":4.444218156,"remaining_time":0.4288280677},
{"learn":[0.06571499765],"iteration":912,"passed_time":4.448822546,"remaining_time":0.4239294212},
{"learn":[0.06571481406],"iteration":913,"passed_time":4.453275465,"remaining_time":0.4190171663},
{"learn":[0.06571457518],"iteration":914,"passed_time":4.457741936,"remaining_time":0.4141071744},
{"learn":[0.06571444862],"iteration":915,"passed_time":4.462197599,"remaining_time":0.4091971597},
{"learn":[0.06571400007],"iteration":916,"passed_time":4.466907635,"remaining_time":0.4043111599},
{"learn":[0.06571389854],"iteration":917,"passed_time":4.471481039,"remaining_time":0.399413339},
{"learn":[0.06571363286],"iteration":918,"passed_time":4.476208037,"remaining_time":0.3945297617},
{"learn":[0.06571351633],"iteration":919,"passed_time":4.480872097,"remaining_time":0.3896410519},
{"learn":[0.06571335193],"iteration":920,"passed_time":4.485431271,"remaining_time":0.3847438332},
{"learn":[0.06571315148],"iteration":921,"passed_time":4.490014515,"remaining_time":0.3798493842},
{"learn":[0.06571262183],"iteration":922,"passed_time":4.494443579,"remaining_time":0.3749427471},
{"learn":[0.06571244891],"iteration":923,"passed_time":4.499530693,"remaining_time":0.3700912691},
{"learn":[0.065712399],"iteration":924,"passed_time":4.505005558,"remaining_time":0.3652707209},
{"learn":[0.06571199681],"iteration":925,"passed_time":4.510408953,"remaining_time":0.3604430481},
{"learn":[0.06571134103],"iteration":926,"passed_time":4.514996214,"remaining_time":0.3555498636},
{"learn":[0.06571123925],"iteration":927,"passed_time":4.519645634,"remaining_time":0.3506621612},
{"learn":[0.06571104909],"iteration":928,"passed_time":4.524246814,"remaining_time":0.345771285},
{"learn":[0.06571062735],"iteration":929,"passed_time":4.528714211,"remaining_time":0.3408709621},
{"learn":[0.06571058133],"iteration":930,"passed_time":4.533367626,"remaining_time":0.3359853558},
{"learn":[0.06571035359],"iteration":931,"passed_time":4.537706089,"remaining_time":0.3310772683},
{"learn":[0.06571013733],"iteration":932,"passed_time":4.542162295,"remaining_time":0.3261788572},
{"learn":[0.06570980307],"iteration":933,"passed_time":4.546686529,"remaining_time":0.3212862001},
{"learn":[0.06570966557],"iteration":934,"passed_time":4.551169118,"remaining_time":0.316391436},
{"learn":[0.06570952552],"iteration":935,"passed_time":4.555541695,"remaining_time":0.3114900304},
{"learn":[0.065709438],"iteration":936,"passed_time":4.560203281,"remaining_time":0.3066091854},
{"learn":[0.06570803174],"iteration":937,"passed_time":4.564869401,"remaining_time":0.3017291076},
{"learn":[0.06570765967],"iteration":938,"passed_time":4.569683371,"remaining_time":0.2968590902},
{"learn":[0.06570726359],"iteration":939,"passed_time":4.574382491,"remaining_time":0.2919818611},
{"learn":[0.06570688148],"iteration":940,"passed_time":4.578985281,"remaining_time":0.2870989708},
{"learn":[0.06570669939],"iteration":941,"passed_time":4.583550611,"remaining_time":0.2822143688},
{"learn":[0.06570661517],"iteration":942,"passed_time":4.589141499,"remaining_time":0.2773924342},
{"learn":[0.06570653436],"iteration":943,"passed_time":4.593837185,"remaining_time":0.2725157652},
{"learn":[0.06570602693],"iteration":944,"passed_time":4.599112725,"remaining_time":0.2676732274},
{"learn":[0.06570570982],"iteration":945,"passed_time":4.605196296,"remaining_time":0.2628758985},
{"learn":[0.06570538081],"iteration":946,"passed_time":4.610414134,"remaining_time":0.2580274014},
{"learn":[0.06570522617],"iteration":947,"passed_time":4.616030925,"remaining_time":0.2532000085},
{"learn":[0.06570513406],"iteration":948,"passed_time":4.620850789,"remaining_time":0.2483281246},
{"learn":[0.06570488739],"iteration":949,"passed_time":4.62600376,"remaining_time":0.2434738821},
{"learn":[0.06570462641],"iteration":950,"passed_time":4.631418163,"remaining_time":0.2386324816},
{"learn":[0.06570445102],"iteration":951,"passed_time":4.637178646,"remaining_time":0.2338073267},
{"learn":[0.06570416864],"iteration":952,"passed_time":4.642741627,"remaining_time":0.2289704685},
{"learn":[0.06570387181],"iteration":953,"passed_time":4.648280456,"remaining_time":0.2241309234},
{"learn":[0.06570331514],"iteration":954,"passed_time":4.653814645,"remaining_time":0.2192896953},
{"learn":[0.06570244765],"iteration":955,"passed_time":4.658939197,"remaining_time":0.2144281639},
{"learn":[0.06570217468],"iteration":956,"passed_time":4.665138212,"remaining_time":0.2096143606},
{"learn":[0.06570209808],"iteration":957,"passed_time":4.670344303,"remaining_time":0.2047541344},
{"learn":[0.06570156349],"iteration":958,"passed_time":4.675472819,"remaining_time":0.1998898703},
{"learn":[0.06570118745],"iteration":959,"passed_time":4.680758841,"remaining_time":0.1950316184},
{"learn":[0.06569990271],"iteration":960,"passed_time":4.686037552,"remaining_time":0.1901721795},
{"learn":[0.06569979916],"iteration":961,"passed_time":4.691722457,"remaining_time":0.1853279141},
{"learn":[0.06569966448],"iteration":962,"passed_time":4.697017534,"remaining_time":0.180466925},
{"learn":[0.06569958343],"iteration":963,"passed_time":4.70241654,"remaining_time":0.1756089164},
{"learn":[0.06569929849],"iteration":964,"passed_time":4.707821899,"remaining_time":0.1707500171},
{"learn":[0.06569882984],"iteration":965,"passed_time":4.712828454,"remaining_time":0.1658759497},
{"learn":[0.06569874316],"iteration":966,"passed_time":4.7188757,"remaining_time":0.1610371232},
{"learn":[0.06569843723],"iteration":967,"passed_time":4.724251448,"remaining_time":0.1561736016},
{"learn":[0.06569816623],"iteration":968,"passed_time":4.72952442,"remaining_time":0.1513057348},
{"learn":[0.06569807068],"iteration":969,"passed_time":4.735658393,"remaining_time":0.1464636616},
{"learn":[0.0656979618],"iteration":970,"passed_time":4.740743045,"remaining_time":0.1415875884},
{"learn":[0.06569790996],"iteration":971,"passed_time":4.745973648,"remaining_time":0.1367152903},
{"learn":[0.0656976795],"iteration":972,"passed_time":4.751530822,"remaining_time":0.1318513178},
{"learn":[0.06569600476],"iteration":973,"passed_time":4.75694548,"remaining_time":0.1269821175},
{"learn":[0.06569589365],"iteration":974,"passed_time":4.76316876,"remaining_time":0.1221325323},
{"learn":[0.06569562434],"iteration":975,"passed_time":4.768020644,"remaining_time":0.1172464093},
{"learn":[0.06569536582],"iteration":976,"passed_time":4.773614768,"remaining_time":0.1123778298},
{"learn":[0.06569514622],"iteration":977,"passed_time":4.778856332,"remaining_time":0.1074998357},
{"learn":[0.06569457802],"iteration":978,"passed_time":4.78468929,"remaining_time":0.1026337846},
{"learn":[0.06569417589],"iteration":979,"passed_time":4.790673734,"remaining_time":0.09776885171},
{"learn":[0.06569332454],"iteration":980,"passed_time":4.797250682,"remaining_time":0.09291311208},
{"learn":[0.06569323162],"iteration":981,"passed_time":4.803072411,"remaining_time":0.08804002382},
{"learn":[0.06569278681],"iteration":982,"passed_time":4.810509071,"remaining_time":0.08319293408},
{"learn":[0.06569262268],"iteration":983,"passed_time":4.816354207,"remaining_time":0.07831470255},
{"learn":[0.06569228398],"iteration":984,"passed_time":4.82138823,"remaining_time":0.07342215578},
{"learn":[0.0656922329],"iteration":985,"passed_time":4.826706337,"remaining_time":0.0685333557},
{"learn":[0.06569179636],"iteration":986,"passed_time":4.832051804,"remaining_time":0.06364404605},
{"learn":[0.06569133797],"iteration":987,"passed_time":4.836986137,"remaining_time":0.05874881948},
{"learn":[0.06569115394],"iteration":988,"passed_time":4.841803999,"remaining_time":0.05385221839},
{"learn":[0.06569075407],"iteration":989,"passed_time":4.846665472,"remaining_time":0.04895621689},
{"learn":[0.065690632],"iteration":990,"passed_time":4.851408698,"remaining_time":0.04405921118},
{"learn":[0.06569040373],"iteration":991,"passed_time":4.856198782,"remaining_time":0.0391628934},
{"learn":[0.06569023842],"iteration":992,"passed_time":4.860661947,"remaining_time":0.03426448502},
{"learn":[0.0656898486],"iteration":993,"passed_time":4.865119561,"remaining_time":0.02936691888},
{"learn":[0.06568973388],"iteration":994,"passed_time":4.869651071,"remaining_time":0.0244706084},
{"learn":[0.06568967377],"iteration":995,"passed_time":4.874366487,"remaining_time":0.01957576902},
{"learn":[0.06568913872],"iteration":996,"passed_time":4.87884396,"remaining_time":0.0146805736},
{"learn":[0.06568874518],"iteration":997,"passed_time":4.883468176,"remaining_time":0.00978650937},
{"learn":[0.06568856682],"iteration":998,"passed_time":4.887911878,"remaining_time":0.004892804683},
{"learn":[0.06568820765],"iteration":999,"passed_time":4.892514948,"remaining_time":0}
]}